place_name,place_id,lat,lng,type,monday,tuesday,wednesday,thursday,friday,saturday,sunday
Bandara Internasional SSK II Pekanbaru,ChIJDYL1Kzqv1TER0XfHoqGdrRU,0.464691,101.4478337,airport,"[0, 0, 2, 6, 11, 26, 38, 41, 40, 45, 55, 61, 61, 56, 50, 46, 41, 36, 30, 23, 15, 9, 4, 0]","[0, 0, 0, 0, 7, 16, 28, 39, 47, 52, 56, 59, 60, 58, 53, 44, 36, 29, 24, 19, 15, 10, 5, 0]","[0, 0, 0, 0, 11, 19, 29, 40, 49, 55, 58, 58, 57, 55, 52, 48, 43, 35, 28, 21, 15, 9, 5, 1]","[0, 0, 0, 4, 15, 25, 36, 46, 54, 59, 60, 61, 61, 61, 58, 50, 41, 32, 26, 20, 14, 8, 3, 0]","[0, 0, 2, 7, 10, 18, 28, 38, 48, 55, 59, 59, 58, 57, 59, 63, 64, 58, 44, 27, 12, 11, 27, 0]","[0, 0, 0, 4, 11, 20, 29, 39, 49, 56, 63, 70, 75, 76, 70, 58, 44, 32, 24, 18, 12, 7, 2, 0]","[0, 0, 1, 5, 13, 21, 32, 42, 51, 58, 63, 70, 81, 93, 100, 94, 80, 64, 50, 40, 29, 19, 10, 3]"
Bandar Udara Internasional Syarif Kasim II Pekanbaru,ChIJQakSBOev1TERLG6Pg9un_R8,0.4645344,101.4483296,airport,"[7, 6, 7, 10, 19, 28, 40, 53, 65, 76, 84, 88, 89, 86, 81, 75, 68, 59, 50, 40, 30, 21, 14, 9]","[6, 6, 7, 12, 16, 25, 36, 50, 63, 74, 82, 87, 88, 87, 83, 75, 65, 53, 43, 34, 26, 20, 15, 10]","[7, 6, 6, 10, 17, 26, 37, 50, 62, 73, 82, 86, 88, 86, 82, 77, 69, 61, 51, 41, 31, 23, 15, 10]","[7, 6, 7, 11, 20, 30, 42, 55, 68, 78, 84, 88, 90, 89, 86, 79, 69, 59, 48, 39, 30, 21, 14, 9]","[6, 5, 7, 12, 19, 28, 39, 51, 63, 72, 79, 84, 87, 90, 93, 92, 86, 73, 57, 41, 30, 23, 17, 11]","[7, 6, 8, 12, 16, 25, 36, 48, 59, 70, 78, 85, 89, 90, 85, 76, 65, 53, 44, 36, 28, 21, 15, 10]","[7, 6, 7, 10, 16, 24, 34, 44, 54, 62, 69, 75, 84, 93, 100, 98, 89, 75, 60, 47, 37, 27, 18, 12]"
Sultan Syarif Kasim II International Airport,ChIJxwFScDmv1TERljqI_TQ4_JM,0.4644616,101.4481556,airport,"[7, 6, 7, 10, 19, 28, 40, 53, 65, 76, 84, 88, 89, 86, 81, 75, 68, 59, 50, 40, 30, 21, 14, 9]","[6, 6, 7, 12, 16, 25, 36, 50, 63, 74, 82, 87, 88, 87, 83, 75, 65, 53, 43, 34, 26, 20, 15, 10]","[7, 6, 6, 10, 17, 26, 37, 50, 62, 73, 82, 86, 88, 86, 82, 77, 69, 61, 51, 41, 31, 23, 15, 10]","[7, 6, 7, 11, 20, 30, 42, 55, 68, 78, 84, 88, 90, 89, 86, 79, 69, 59, 48, 39, 30, 21, 14, 9]","[6, 5, 7, 12, 19, 28, 39, 51, 63, 72, 79, 84, 87, 90, 93, 92, 86, 73, 57, 41, 30, 23, 17, 11]","[7, 6, 8, 12, 16, 25, 36, 48, 59, 70, 78, 85, 89, 90, 85, 76, 65, 53, 44, 36, 28, 21, 15, 10]","[7, 6, 7, 10, 16, 24, 34, 44, 54, 62, 69, 75, 84, 93, 100, 98, 89, 75, 60, 47, 37, 27, 18, 12]"
Bank Danamon Pekanbaru - Simpang Pasar Bawah,ChIJf-XeYQ2s1TERV0lMbulRGtA,0.5365985999999999,101.4433547,bank,"[0, 0, 0, 0, 0, 0, 0, 0, 52, 52, 52, 70, 82, 88, 76, 0, 0, 0, 0, 0, 0, 0, 0, 0]","[0, 0, 0, 0, 0, 0, 0, 0, 64, 88, 88, 70, 64, 64, 64, 0, 0, 0, 0, 0, 0, 0, 0, 0]","[0, 0, 0, 0, 0, 0, 0, 0, 64, 64, 64, 70, 58, 41, 35, 0, 0, 0, 0, 0, 0, 0, 0, 0]","[0, 0, 0, 0, 0, 0, 0, 0, 70, 94, 100, 94, 76, 58, 52, 0, 0, 0, 0, 0, 0, 0, 0, 0]","[0, 0, 0, 0, 0, 0, 0, 0, 52, 88, 76, 47, 47, 70, 88, 0, 0, 0, 0, 0, 0, 0, 0, 0]","[0, 0, 0, 0, 0, 0, 0, 0, 0, 0, 0, 0, 0, 0, 0, 0, 0, 0, 0, 0, 0, 0, 0, 0]","[0, 0, 0, 0, 0, 0, 0, 0, 0, 0, 0, 0, 0, 0, 0, 0, 0, 0, 0, 0, 0, 0, 0, 0]"
Danamon KC WAHID HASYIM,ChIJEyqnQRKs1TERya0An_4EkhI,0.5272717,101.4481716,bank,"[0, 0, 0, 0, 0, 0, 0, 0, 52, 79, 84, 69, 56, 53, 57, 57, 0, 0, 0, 0, 0, 0, 0, 0]","[0, 0, 0, 0, 0, 0, 0, 0, 46, 75, 85, 70, 52, 46, 53, 57, 0, 0, 0, 0, 0, 0, 0, 0]","[0, 0, 0, 0, 0, 0, 0, 0, 40, 68, 77, 64, 50, 49, 55, 57, 0, 0, 0, 0, 0, 0, 0, 0]","[0, 0, 0, 0, 0, 0, 0, 0, 41, 72, 80, 60, 40, 39, 50, 57, 0, 0, 0, 0, 0, 0, 0, 0]","[0, 0, 0, 0, 0, 0, 0, 0, 54, 95, 100, 67, 41, 42, 57, 67, 0, 0, 0, 0, 0, 0, 0, 0]","[0, 0, 0, 0, 0, 0, 0, 0, 0, 0, 0, 0, 0, 0, 0, 0, 0, 0, 0, 0, 0, 0, 0, 0]","[0, 0, 0, 0, 0, 0, 0, 0, 0, 0, 0, 0, 0, 0, 0, 0, 0, 0, 0, 0, 0, 0, 0, 0]"
Mandiri KCP Pekanbaru Ahmad Yani,ChIJo_t6Ww6s1TER_mgpi_PrG90,0.5195924,101.44427009999998,bank,"[0, 0, 0, 0, 0, 0, 0, 0, 57, 77, 85, 79, 73, 67, 61, 0, 0, 0, 0, 0, 0, 0, 0, 0]","[0, 0, 0, 0, 0, 0, 0, 0, 75, 89, 83, 75, 71, 73, 73, 0, 0, 0, 0, 0, 0, 0, 0, 0]","[0, 0, 0, 0, 0, 0, 0, 0, 71, 63, 69, 71, 69, 73, 81, 0, 0, 0, 0, 0, 0, 0, 0, 0]","[0, 0, 0, 0, 0, 0, 0, 0, 100, 75, 79, 87, 77, 61, 57, 0, 0, 0, 0, 0, 0, 0, 0, 0]","[0, 0, 0, 0, 0, 0, 0, 0, 83, 91, 73, 46, 38, 48, 67, 0, 0, 0, 0, 0, 0, 0, 0, 0]","[0, 0, 0, 0, 0, 0, 0, 0, 0, 0, 0, 0, 0, 0, 0, 0, 0, 0, 0, 0, 0, 0, 0, 0]","[0, 0, 0, 0, 0, 0, 0, 0, 0, 0, 0, 0, 0, 0, 0, 0, 0, 0, 0, 0, 0, 0, 0, 0]"
Mandiri Pekanbaru Jalan Riau,ChIJL-gB6Yqr1TERJ5YF0ui5ja8,0.5351117,101.4377074,bank,"[0, 0, 0, 0, 0, 0, 0, 0, 52, 82, 80, 71, 71, 68, 58, 0, 0, 0, 0, 0, 0, 0, 0, 0]","[0, 0, 0, 0, 0, 0, 0, 0, 53, 86, 65, 59, 66, 63, 49, 0, 0, 0, 0, 0, 0, 0, 0, 0]","[0, 0, 0, 0, 0, 0, 0, 0, 46, 85, 82, 58, 55, 62, 51, 0, 0, 0, 0, 0, 0, 0, 0, 0]","[0, 0, 0, 0, 0, 0, 0, 0, 52, 79, 62, 43, 59, 70, 46, 0, 0, 0, 0, 0, 0, 0, 0, 0]","[0, 0, 0, 0, 0, 0, 0, 0, 40, 85, 100, 68, 50, 67, 51, 0, 0, 0, 0, 0, 0, 0, 0, 0]","[0, 0, 0, 0, 0, 0, 0, 0, 0, 0, 0, 0, 0, 0, 0, 0, 0, 0, 0, 0, 0, 0, 0, 0]","[0, 0, 0, 0, 0, 0, 0, 0, 0, 0, 0, 0, 0, 0, 0, 0, 0, 0, 0, 0, 0, 0, 0, 0]"
Bank BNI Syariah KCP Panam,ChIJSfptz_Oo1TERYlFeYarvQBY,0.4639601,101.3972177,bank,"[0, 0, 0, 0, 0, 0, 0, 0, 65, 95, 96, 75, 70, 87, 86, 57, 0, 0, 0, 0, 0, 0, 0, 0]","[0, 0, 0, 0, 0, 0, 0, 0, 57, 83, 89, 74, 59, 65, 75, 57, 0, 0, 0, 0, 0, 0, 0, 0]","[0, 0, 0, 0, 0, 0, 0, 0, 61, 100, 96, 60, 44, 71, 94, 70, 0, 0, 0, 0, 0, 0, 0, 0]","[0, 0, 0, 0, 0, 0, 0, 0, 54, 82, 83, 60, 45, 59, 73, 54, 0, 0, 0, 0, 0, 0, 0, 0]","[0, 0, 0, 0, 0, 0, 0, 31, 57, 71, 62, 41, 27, 52, 80, 34, 0, 0, 0, 0, 0, 0, 0, 0]","[0, 0, 0, 0, 0, 0, 0, 0, 0, 0, 0, 0, 0, 0, 0, 0, 0, 0, 0, 0, 0, 0, 0, 0]","[0, 0, 0, 0, 0, 0, 0, 0, 0, 0, 0, 0, 0, 0, 0, 0, 0, 0, 0, 0, 0, 0, 0, 0]"
Bank Syariah Mandiri KCP Pekanbaru Sudirman Bawah,ChIJn46FShKs1TER6f57XUZCj3o,0.5304854,101.4478082,bank,"[0, 0, 0, 0, 0, 0, 0, 0, 77, 100, 80, 46, 37, 51, 54, 40, 0, 0, 0, 0, 0, 0, 0, 0]","[0, 0, 0, 0, 0, 0, 0, 0, 71, 75, 50, 36, 49, 61, 53, 37, 0, 0, 0, 0, 0, 0, 0, 0]","[0, 0, 0, 0, 0, 0, 0, 0, 42, 51, 51, 45, 40, 38, 38, 36, 0, 0, 0, 0, 0, 0, 0, 0]","[0, 0, 0, 0, 0, 0, 0, 0, 66, 92, 66, 35, 35, 50, 62, 61, 0, 0, 0, 0, 0, 0, 0, 0]","[0, 0, 0, 0, 0, 0, 0, 0, 59, 81, 75, 49, 36, 45, 55, 48, 0, 0, 0, 0, 0, 0, 0, 0]","[0, 0, 0, 0, 0, 0, 0, 0, 0, 0, 0, 0, 0, 0, 0, 0, 0, 0, 0, 0, 0, 0, 0, 0]","[0, 0, 0, 0, 0, 0, 0, 0, 0, 0, 0, 0, 0, 0, 0, 0, 0, 0, 0, 0, 0, 0, 0, 0]"
Bank Mandiri - KCP Pekanbaru Panam,ChIJNVYGCUSo1TER8Iyg616RTp4,0.4637891,101.4097403,bank,"[0, 0, 0, 0, 0, 0, 0, 36, 63, 86, 100, 97, 91, 82, 71, 0, 0, 0, 0, 0, 0, 0, 0, 0]","[0, 0, 0, 0, 0, 0, 0, 28, 52, 76, 91, 91, 76, 76, 78, 0, 0, 0, 0, 0, 0, 0, 0, 0]","[0, 0, 0, 0, 0, 0, 0, 39, 56, 71, 76, 71, 78, 80, 58, 0, 0, 0, 0, 0, 0, 0, 0, 0]","[0, 0, 0, 0, 0, 0, 0, 39, 65, 89, 95, 86, 69, 54, 45, 0, 0, 0, 0, 0, 0, 0, 0, 0]","[0, 0, 0, 0, 0, 0, 0, 34, 63, 86, 93, 89, 84, 82, 71, 0, 0, 0, 0, 0, 0, 0, 0, 0]","[0, 0, 0, 0, 0, 0, 0, 0, 0, 0, 0, 0, 0, 0, 0, 0, 0, 0, 0, 0, 0, 0, 0, 0]","[0, 0, 0, 0, 0, 0, 0, 0, 0, 0, 0, 0, 0, 0, 0, 0, 0, 0, 0, 0, 0, 0, 0, 0]"
BANK BTN KC PEKANBARU,ChIJexsI76au1TERfvSmQayPhGY,0.512274,101.4486575,bank,"[0, 0, 0, 0, 0, 0, 0, 0, 54, 77, 84, 74, 58, 56, 60, 49, 0, 0, 0, 0, 0, 0, 0, 0]","[0, 0, 0, 0, 0, 0, 0, 0, 54, 75, 78, 65, 54, 55, 59, 55, 0, 0, 0, 0, 0, 0, 0, 0]","[0, 0, 0, 0, 0, 0, 0, 0, 47, 69, 77, 67, 53, 49, 53, 51, 0, 0, 0, 0, 0, 0, 0, 0]","[0, 0, 0, 0, 0, 0, 0, 0, 51, 77, 81, 64, 50, 57, 65, 54, 0, 0, 0, 0, 0, 0, 0, 0]","[0, 0, 0, 0, 0, 0, 0, 0, 57, 94, 100, 69, 38, 47, 79, 68, 0, 0, 0, 0, 0, 0, 0, 0]","[0, 0, 0, 0, 0, 0, 0, 0, 0, 0, 0, 0, 0, 0, 0, 0, 0, 0, 0, 0, 0, 0, 0, 0]","[0, 0, 0, 0, 0, 0, 0, 0, 0, 0, 0, 0, 0, 0, 0, 0, 0, 0, 0, 0, 0, 0, 0, 0]"
Happy Puppy,ChIJI4X9Y42r1TERI3V4hdkFlWA,0.535046,101.4231979,bar,"[18, 7, 0, 0, 0, 0, 0, 0, 0, 0, 0, 0, 1, 4, 7, 10, 11, 11, 15, 29, 44, 46, 37, 28]","[19, 7, 0, 0, 0, 0, 0, 0, 0, 0, 0, 1, 2, 5, 7, 10, 11, 11, 12, 19, 29, 34, 32, 26]","[20, 13, 0, 0, 0, 0, 0, 0, 0, 0, 0, 2, 3, 5, 7, 9, 11, 13, 17, 25, 37, 45, 41, 31]","[24, 12, 0, 0, 0, 0, 0, 0, 0, 0, 0, 1, 2, 4, 8, 12, 16, 19, 21, 23, 31, 40, 43, 34]","[22, 12, 0, 0, 0, 0, 0, 0, 0, 0, 0, 1, 2, 4, 7, 9, 11, 14, 21, 32, 42, 51, 58, 56]","[39, 19, 6, 0, 0, 0, 0, 0, 0, 0, 0, 1, 3, 9, 19, 31, 37, 36, 31, 36, 56, 84, 100, 88]","[58, 28, 10, 0, 0, 0, 0, 0, 0, 0, 0, 1, 4, 11, 21, 32, 38, 40, 40, 44, 51, 54, 47, 32]"
PETERSELI KITCHEN,ChIJ-YOvERSs1TER1tk3upFhaLs,0.5104270000000001,101.454093,bar,"[0, 0, 0, 0, 0, 0, 0, 0, 0, 0, 2, 7, 14, 22, 26, 25, 21, 16, 16, 28, 45, 49, 35, 15]","[0, 0, 0, 0, 0, 0, 0, 0, 0, 0, 2, 8, 14, 18, 20, 25, 28, 24, 24, 37, 49, 44, 25, 9]","[0, 0, 0, 0, 0, 0, 0, 0, 0, 0, 5, 14, 24, 28, 23, 19, 24, 29, 26, 33, 54, 61, 42, 18]","[0, 0, 0, 0, 0, 0, 0, 0, 0, 0, 6, 12, 19, 24, 28, 30, 30, 29, 32, 40, 48, 45, 31, 14]","[0, 0, 0, 0, 0, 0, 0, 0, 0, 0, 3, 7, 11, 17, 22, 25, 26, 27, 34, 50, 67, 66, 46, 22]","[0, 0, 0, 0, 0, 0, 0, 0, 0, 0, 6, 11, 18, 25, 32, 36, 37, 36, 40, 57, 86, 100, 78, 39]","[0, 0, 0, 0, 0, 0, 0, 0, 0, 0, 1, 4, 10, 19, 29, 36, 39, 37, 37, 47, 61, 58, 37, 14]"
Happy Puppy Sudirman,ChIJrX9EVxKs1TERy1Pvkk4dJPA,0.4887462,101.4540202,bar,"[29, 11, 1, 0, 0, 0, 0, 0, 0, 0, 0, 1, 1, 6, 11, 17, 21, 24, 26, 29, 35, 42, 42, 35]","[22, 10, 0, 0, 0, 0, 0, 0, 0, 0, 0, 1, 2, 7, 14, 20, 22, 22, 24, 31, 45, 56, 55, 41]","[22, 7, 0, 0, 0, 0, 0, 0, 0, 0, 0, 4, 9, 15, 22, 27, 29, 29, 28, 29, 36, 44, 46, 38]","[24, 10, 0, 0, 0, 0, 0, 0, 0, 0, 0, 1, 8, 16, 24, 29, 27, 25, 27, 36, 48, 54, 51, 38]","[20, 6, 0, 0, 0, 0, 0, 0, 0, 0, 0, 1, 7, 15, 23, 28, 29, 27, 27, 37, 57, 77, 80, 62]","[35, 13, 0, 0, 0, 0, 0, 0, 0, 0, 0, 1, 6, 15, 30, 43, 46, 39, 34, 41, 63, 87, 100, 90]","[65, 37, 15, 0, 0, 0, 0, 0, 0, 0, 0, 1, 4, 12, 21, 30, 38, 41, 34, 27, 31, 46, 56, 49]"
Base Came Telkomsel,ChIJD83qBz2s1TERw0VjmFhUWHM,0.5268183000000001,101.4588479,bar,"[13, 10, 10, 8, 13, 19, 32, 52, 73, 84, 86, 78, 67, 58, 56, 56, 56, 54, 52, 47, 41, 36, 30, 23]","[17, 13, 10, 10, 13, 17, 30, 54, 80, 97, 95, 80, 60, 47, 43, 43, 43, 43, 43, 41, 36, 32, 28, 23]","[19, 15, 13, 10, 10, 13, 19, 32, 54, 69, 67, 52, 39, 34, 34, 34, 34, 32, 30, 28, 26, 23, 19, 17]","[15, 13, 10, 10, 8, 10, 21, 41, 60, 71, 71, 63, 56, 56, 56, 54, 50, 45, 39, 34, 32, 32, 30, 28]","[23, 19, 13, 10, 10, 15, 32, 63, 91, 100, 91, 80, 78, 80, 78, 69, 56, 43, 32, 26, 23, 23, 23, 23]","[21, 17, 15, 10, 8, 13, 28, 52, 76, 89, 80, 60, 41, 30, 26, 26, 26, 23, 21, 19, 15, 17, 21, 28]","[32, 28, 19, 10, 8, 6, 10, 23, 47, 60, 50, 34, 32, 36, 39, 34, 26, 19, 17, 15, 15, 13, 13, 13]"
NEW PARAGON KTV POOL & CAFE,ChIJJX3PK2us1TERVOX4W6ETvQg,0.5347780999999999,101.4534774,bar,"[32, 37, 40, 53, 28, 0, 0, 0, 0, 0, 0, 0, 0, 0, 1, 1, 2, 2, 3, 5, 8, 13, 18, 24]","[32, 42, 49, 44, 33, 0, 0, 0, 0, 0, 0, 0, 0, 0, 0, 1, 2, 3, 5, 8, 11, 14, 19, 25]","[33, 42, 46, 43, 30, 0, 0, 0, 0, 0, 0, 0, 0, 0, 1, 1, 3, 4, 7, 9, 12, 15, 19, 25]","[33, 41, 45, 41, 35, 0, 0, 0, 0, 0, 0, 0, 0, 0, 2, 3, 4, 5, 6, 9, 13, 19, 23, 28]","[39, 56, 66, 57, 48, 0, 0, 0, 0, 0, 0, 0, 0, 0, 2, 3, 4, 4, 5, 7, 12, 19, 28, 37]","[48, 62, 71, 67, 62, 0, 0, 0, 0, 0, 0, 0, 0, 0, 1, 2, 3, 3, 4, 6, 10, 17, 25, 35]","[52, 79, 100, 93, 70, 0, 0, 0, 0, 0, 0, 0, 0, 0, 1, 2, 2, 3, 4, 5, 7, 10, 15, 23]"
Bier Haus Cafe,ChIJxb7ZvvKr1TERKLhwjiUNnOc,0.5329904999999999,101.4237857,bar,"[18, 9, 0, 0, 0, 0, 0, 0, 0, 0, 0, 0, 0, 1, 2, 4, 6, 8, 10, 12, 15, 19, 21, 20]","[14, 8, 0, 0, 0, 0, 0, 0, 0, 0, 0, 1, 1, 2, 3, 5, 7, 10, 12, 16, 22, 32, 37, 30]","[18, 7, 0, 0, 0, 0, 0, 0, 0, 0, 0, 0, 0, 0, 0, 0, 0, 0, 0, 0, 17, 21, 24, 22]","[16, 9, 0, 0, 0, 0, 0, 0, 0, 0, 0, 1, 1, 2, 3, 4, 5, 5, 8, 15, 31, 46, 49, 42]","[30, 17, 0, 0, 0, 0, 0, 0, 0, 0, 0, 1, 2, 3, 4, 6, 6, 9, 14, 24, 36, 45, 48, 44]","[32, 16, 0, 0, 0, 0, 0, 0, 0, 0, 0, 1, 1, 2, 2, 2, 3, 3, 6, 19, 48, 82, 100, 96]","[78, 52, 0, 0, 0, 0, 0, 0, 0, 0, 0, 1, 2, 2, 3, 5, 8, 10, 13, 16, 22, 29, 32, 28]"
Terminal 8,ChIJsWPnqLyu1TERctXbYsftvdE,0.5055955000000001,101.451216,bar,"[49, 28, 12, 0, 0, 0, 0, 0, 0, 0, 1, 2, 4, 8, 11, 15, 16, 16, 15, 16, 24, 39, 55, 61]","[52, 33, 15, 0, 0, 0, 0, 0, 0, 0, 2, 5, 10, 14, 17, 16, 12, 8, 4, 6, 19, 38, 48, 50]","[49, 35, 15, 0, 0, 0, 0, 0, 0, 0, 1, 3, 6, 10, 14, 16, 15, 12, 9, 9, 17, 32, 51, 62]","[56, 38, 19, 0, 0, 0, 0, 0, 0, 0, 0, 2, 6, 12, 15, 16, 16, 17, 18, 18, 21, 34, 53, 64]","[55, 33, 14, 0, 0, 0, 0, 0, 0, 0, 0, 4, 11, 21, 27, 27, 24, 18, 12, 9, 15, 31, 53, 68]","[65, 46, 24, 0, 0, 0, 0, 0, 0, 0, 1, 4, 10, 18, 26, 28, 24, 17, 11, 12, 23, 47, 77, 99]","[100, 78, 48, 23, 0, 0, 0, 0, 0, 0, 0, 3, 9, 16, 25, 35, 36, 26, 15, 12, 23, 42, 60, 63]"
Brown Salon,ChIJk0pCUxKs1TER6deV7WAfOpU,0.531199,101.448033,beauty_salon,"[0, 0, 0, 0, 0, 0, 0, 0, 0, 0, 40, 61, 56, 52, 56, 59, 52, 38, 29, 22, 13, 6, 0, 0]","[0, 0, 0, 0, 0, 0, 0, 0, 0, 0, 25, 36, 43, 50, 56, 61, 61, 50, 29, 13, 4, 0, 0, 0]","[0, 0, 0, 0, 0, 0, 0, 0, 0, 0, 54, 68, 70, 72, 86, 100, 88, 54, 22, 6, 2, 0, 0, 0]","[0, 0, 0, 0, 0, 0, 0, 0, 0, 0, 56, 68, 61, 47, 50, 61, 59, 38, 15, 4, 0, 0, 0, 0]","[0, 0, 0, 0, 0, 0, 0, 0, 0, 0, 34, 50, 63, 72, 75, 65, 52, 36, 22, 13, 6, 2, 0, 0]","[0, 0, 0, 0, 0, 0, 0, 0, 0, 0, 25, 34, 40, 40, 40, 38, 36, 31, 22, 13, 6, 2, 0, 0]","[0, 0, 0, 0, 0, 0, 0, 0, 0, 0, 45, 70, 86, 81, 68, 61, 59, 45, 25, 15, 13, 6, 0, 0]"
Toko Buku Gramedia - Pekanbaru,ChIJn5vmlbyu1TERMsSjQhzSOEM,0.5101001000000001,101.4498796,book_store,"[0, 0, 0, 0, 0, 0, 0, 0, 0, 8, 17, 26, 31, 33, 35, 40, 42, 38, 37, 58, 54, 17, 0, 0]","[0, 0, 0, 0, 0, 0, 0, 0, 0, 8, 19, 31, 38, 38, 38, 42, 46, 44, 41, 58, 59, 19, 0, 0]","[0, 0, 0, 0, 0, 0, 0, 0, 0, 7, 14, 23, 32, 38, 40, 43, 47, 47, 42, 53, 58, 23, 0, 0]","[0, 0, 0, 0, 0, 0, 0, 0, 0, 10, 21, 32, 35, 31, 30, 39, 47, 42, 32, 49, 64, 27, 0, 0]","[0, 0, 0, 0, 0, 0, 0, 0, 0, 14, 23, 27, 27, 30, 39, 49, 52, 45, 36, 51, 56, 20, 0, 0]","[0, 0, 0, 0, 0, 0, 0, 0, 0, 13, 27, 45, 60, 69, 73, 78, 80, 74, 63, 74, 100, 59, 0, 0]","[0, 0, 0, 0, 0, 0, 0, 0, 0, 19, 42, 68, 81, 80, 79, 89, 98, 88, 68, 83, 92, 33, 0, 0]"
Bookstore Zanafa,ChIJjcHMLFmo1TER5gukebmKRwo,0.4644452999999999,101.3852567,book_store,"[0, 0, 0, 0, 0, 0, 0, 0, 0, 21, 39, 56, 56, 47, 47, 47, 43, 34, 39, 56, 60, 39, 0, 0]","[0, 0, 0, 0, 0, 0, 0, 0, 0, 13, 17, 21, 30, 34, 39, 39, 39, 43, 56, 69, 69, 47, 0, 0]","[0, 0, 0, 0, 0, 0, 0, 0, 0, 26, 30, 21, 17, 26, 39, 47, 43, 34, 34, 43, 39, 21, 0, 0]","[0, 0, 0, 0, 0, 0, 0, 0, 0, 13, 21, 26, 21, 17, 21, 34, 52, 43, 30, 30, 30, 26, 0, 0]","[0, 0, 0, 0, 0, 0, 0, 0, 0, 60, 82, 69, 43, 30, 30, 39, 43, 43, 39, 34, 26, 17, 0, 0]","[0, 0, 0, 0, 0, 0, 0, 0, 0, 34, 65, 69, 52, 47, 65, 78, 73, 56, 39, 82, 100, 26, 0, 0]","[0, 0, 0, 0, 0, 0, 0, 0, 0, 30, 47, 52, 47, 47, 60, 69, 65, 52, 47, 65, 73, 52, 0, 0]"
toko buku yasperin,ChIJM7uy202p1TERBRH2gKTTLb8,0.5045050000000001,101.428722,book_store,"[0, 0, 0, 0, 0, 2, 2, 0, 2, 7, 10, 5, 2, 5, 7, 12, 17, 17, 15, 12, 7, 5, 5, 2]","[2, 2, 2, 2, 2, 2, 2, 5, 5, 7, 10, 12, 12, 12, 10, 7, 7, 0, 0, 0, 0, 2, 2, 7]","[10, 10, 7, 5, 10, 12, 12, 10, 7, 5, 5, 10, 15, 17, 12, 7, 5, 5, 7, 12, 17, 17, 15, 10]","[5, 2, 2, 7, 0, 0, 0, 0, 0, 0, 0, 0, 0, 0, 0, 0, 0, 0, 0, 0, 0, 0, 0, 0]","[0, 0, 0, 0, 0, 0, 0, 0, 0, 0, 0, 0, 2, 5, 10, 15, 20, 20, 15, 7, 2, 2, 2, 5]","[7, 7, 5, 5, 2, 2, 2, 0, 0, 2, 12, 25, 27, 20, 15, 15, 15, 10, 5, 2, 0, 0, 0, 0]","[0, 0, 0, 0, 0, 0, 0, 0, 0, 30, 72, 100, 77, 32, 10, 7, 12, 15, 10, 2, 0, 0, 0, 0]"
Toko Muazzam,ChIJHcXDuWCp1TERyJEqFwY4fMQ,0.5114508,101.4101857,book_store,"[0, 0, 0, 0, 0, 0, 8, 17, 26, 34, 43, 39, 34, 26, 26, 39, 52, 43, 39, 69, 60, 0, 0, 0]","[0, 0, 0, 0, 0, 0, 0, 4, 17, 47, 78, 69, 39, 30, 47, 69, 78, 69, 47, 78, 100, 0, 0, 0]","[0, 0, 0, 0, 0, 0, 8, 17, 30, 43, 43, 39, 26, 17, 17, 39, 60, 65, 56, 52, 34, 0, 0, 0]","[0, 0, 0, 0, 0, 0, 0, 17, 30, 39, 47, 52, 47, 43, 39, 43, 56, 47, 34, 47, 47, 0, 0, 0]","[0, 0, 0, 0, 0, 0, 8, 17, 30, 43, 47, 39, 30, 26, 26, 34, 39, 34, 34, 39, 34, 0, 0, 0]","[0, 0, 0, 0, 0, 0, 4, 13, 26, 47, 60, 60, 47, 39, 34, 39, 34, 30, 26, 17, 13, 0, 0, 0]","[0, 0, 0, 0, 0, 0, 0, 0, 17, 26, 34, 39, 43, 43, 34, 26, 17, 13, 13, 21, 21, 0, 0, 0]"
Al Mumtaz,ChIJhwvyG_So1TERs7EZamIMYL4,0.4599603,101.3600189,book_store,"[0, 0, 0, 0, 0, 0, 0, 0, 24, 36, 44, 52, 56, 56, 56, 52, 48, 44, 40, 36, 32, 0, 0, 0]","[0, 0, 0, 0, 0, 0, 0, 0, 36, 64, 60, 48, 56, 64, 76, 80, 76, 72, 64, 52, 44, 0, 0, 0]","[0, 0, 0, 0, 0, 0, 0, 0, 16, 24, 32, 40, 48, 56, 60, 60, 60, 60, 56, 48, 40, 0, 0, 0]","[0, 0, 0, 0, 0, 0, 0, 0, 20, 48, 60, 56, 44, 40, 48, 52, 52, 52, 48, 40, 32, 0, 0, 0]","[0, 0, 0, 0, 0, 0, 0, 0, 28, 44, 48, 56, 80, 100, 84, 64, 56, 56, 52, 44, 40, 0, 0, 0]","[0, 0, 0, 0, 0, 0, 0, 0, 32, 64, 48, 28, 40, 56, 72, 76, 68, 52, 32, 20, 8, 0, 0, 0]","[0, 0, 0, 0, 0, 0, 0, 0, 4, 12, 20, 24, 16, 16, 24, 40, 56, 68, 64, 56, 44, 0, 0, 0]"
AZMAR FOTOCOPY,ChIJ9___WJdO1DERt4jk6o70Btw,0.6736778999999999,101.5877454,book_store,"[0, 0, 0, 0, 0, 0, 20, 20, 20, 26, 26, 26, 26, 26, 33, 40, 66, 86, 100, 93, 60, 33, 0, 0]","[0, 0, 0, 0, 0, 0, 20, 20, 26, 26, 26, 33, 40, 53, 60, 60, 46, 33, 46, 93, 60, 13, 0, 0]","[0, 0, 0, 0, 0, 0, 0, 6, 20, 33, 53, 66, 73, 66, 66, 60, 60, 60, 53, 46, 40, 33, 0, 0]","[0, 0, 0, 0, 0, 0, 13, 20, 26, 33, 40, 40, 46, 46, 46, 53, 60, 80, 86, 73, 40, 20, 0, 0]","[0, 0, 0, 0, 0, 0, 6, 13, 20, 26, 33, 46, 53, 53, 53, 53, 60, 60, 60, 53, 40, 26, 0, 0]","[0, 0, 0, 0, 0, 0, 20, 26, 26, 26, 33, 40, 53, 66, 80, 86, 93, 93, 93, 86, 66, 53, 0, 0]","[0, 0, 0, 0, 0, 0, 13, 13, 20, 26, 33, 46, 60, 66, 66, 66, 60, 53, 53, 66, 60, 40, 0, 0]"
PETERSELI KITCHEN,ChIJ-YOvERSs1TER1tk3upFhaLs,0.5104270000000001,101.454093,cafe,"[0, 0, 0, 0, 0, 0, 0, 0, 0, 0, 2, 7, 14, 22, 26, 25, 21, 16, 16, 28, 45, 49, 35, 15]","[0, 0, 0, 0, 0, 0, 0, 0, 0, 0, 2, 8, 14, 18, 20, 25, 28, 24, 24, 37, 49, 44, 25, 9]","[0, 0, 0, 0, 0, 0, 0, 0, 0, 0, 5, 14, 24, 28, 23, 19, 24, 29, 26, 33, 54, 61, 42, 18]","[0, 0, 0, 0, 0, 0, 0, 0, 0, 0, 6, 12, 19, 24, 28, 30, 30, 29, 32, 40, 48, 45, 31, 14]","[0, 0, 0, 0, 0, 0, 0, 0, 0, 0, 3, 7, 11, 17, 22, 25, 26, 27, 34, 50, 67, 66, 46, 22]","[0, 0, 0, 0, 0, 0, 0, 0, 0, 0, 6, 11, 18, 25, 32, 36, 37, 36, 40, 57, 86, 100, 78, 39]","[0, 0, 0, 0, 0, 0, 0, 0, 0, 0, 1, 4, 10, 19, 29, 36, 39, 37, 37, 47, 61, 58, 37, 14]"
Gerobak Kopi Rambo,ChIJ9c2iGKKu1TER_Bn7_bdrjDM,0.5086729,101.45452009999998,cafe,"[0, 0, 0, 0, 0, 0, 0, 17, 24, 24, 17, 6, 3, 3, 3, 3, 6, 6, 10, 17, 24, 13, 3, 0]","[0, 0, 0, 0, 0, 0, 0, 37, 48, 44, 24, 13, 13, 17, 17, 10, 3, 3, 3, 6, 13, 10, 3, 0]","[0, 0, 0, 0, 0, 0, 0, 27, 41, 37, 24, 10, 3, 3, 3, 3, 3, 3, 3, 13, 17, 13, 3, 0]","[0, 0, 0, 0, 0, 0, 0, 24, 48, 51, 31, 10, 3, 3, 3, 3, 6, 6, 3, 13, 34, 27, 3, 0]","[0, 0, 0, 0, 0, 0, 0, 27, 51, 58, 41, 17, 3, 3, 3, 6, 10, 6, 6, 13, 24, 24, 10, 0]","[0, 0, 0, 0, 0, 0, 0, 24, 62, 79, 51, 13, 3, 3, 3, 10, 6, 3, 3, 3, 3, 6, 3, 0]","[0, 0, 0, 0, 0, 0, 0, 37, 79, 100, 72, 34, 13, 10, 10, 13, 17, 17, 17, 17, 13, 13, 10, 0]"
Kedai Kopi Kerisweet,ChIJKXglLp-u1TEReJDI44jT4rQ,0.5110669999999999,101.4587935,cafe,"[0, 0, 0, 0, 0, 0, 8, 27, 51, 58, 41, 17, 4, 2, 6, 9, 7, 0, 0, 0, 0, 0, 0, 0]","[0, 0, 0, 0, 0, 0, 13, 36, 63, 68, 47, 22, 10, 6, 5, 4, 2, 0, 0, 0, 0, 0, 0, 0]","[0, 0, 0, 0, 0, 0, 16, 48, 83, 83, 49, 18, 7, 6, 7, 6, 5, 0, 0, 0, 0, 0, 0, 0]","[0, 0, 0, 0, 0, 0, 14, 44, 78, 80, 49, 20, 8, 6, 6, 5, 4, 0, 0, 0, 0, 0, 0, 0]","[0, 0, 0, 0, 0, 0, 15, 43, 76, 80, 52, 23, 9, 6, 5, 4, 3, 0, 0, 0, 0, 0, 0, 0]","[0, 0, 0, 0, 0, 0, 22, 53, 86, 92, 66, 33, 13, 6, 4, 3, 2, 0, 0, 0, 0, 0, 0, 0]","[0, 0, 0, 0, 0, 0, 14, 43, 81, 100, 78, 39, 0, 0, 0, 0, 0, 0, 0, 0, 0, 0, 0, 0]"
Temok Cafe (Bakso Temok),ChIJx9CIK6Cu1TERgvQVRCgEDbg,0.5129536000000001,101.4562927,cafe,"[0, 0, 0, 0, 0, 0, 0, 0, 0, 0, 6, 14, 21, 22, 17, 13, 21, 37, 40, 44, 50, 20, 0, 0]","[0, 0, 0, 0, 0, 0, 0, 0, 0, 0, 7, 13, 19, 20, 16, 18, 37, 53, 40, 30, 37, 29, 0, 0]","[0, 0, 0, 0, 0, 0, 0, 0, 0, 0, 11, 18, 21, 19, 16, 21, 36, 47, 53, 62, 51, 18, 0, 0]","[0, 0, 0, 0, 0, 0, 0, 0, 0, 0, 6, 11, 17, 19, 17, 14, 22, 43, 49, 45, 41, 27, 0, 0]","[0, 0, 0, 0, 0, 0, 0, 0, 0, 0, 7, 12, 17, 21, 23, 24, 36, 67, 69, 59, 61, 28, 0, 0]","[0, 0, 0, 0, 0, 0, 0, 0, 0, 0, 3, 7, 12, 16, 21, 29, 47, 70, 71, 66, 100, 73, 0, 0]","[0, 0, 0, 0, 0, 0, 0, 0, 0, 0, 11, 16, 20, 20, 19, 25, 47, 76, 91, 84, 57, 23, 0, 0]"
Dapur Cokelat Pekanbaru,ChIJg5dz7xus1TERV-dqnk8lFLI,0.5207906,101.449843,cafe,"[0, 0, 0, 0, 0, 0, 0, 0, 6, 31, 56, 54, 39, 44, 56, 60, 48, 32, 25, 27, 24, 12, 0, 0]","[0, 0, 0, 0, 0, 0, 0, 0, 14, 29, 36, 33, 28, 29, 33, 36, 36, 32, 28, 21, 14, 8, 0, 0]","[0, 0, 0, 0, 0, 0, 0, 0, 13, 67, 100, 62, 45, 59, 68, 63, 51, 41, 36, 28, 16, 5, 0, 0]","[0, 0, 0, 0, 0, 0, 0, 0, 8, 50, 85, 51, 27, 35, 48, 55, 52, 43, 33, 29, 28, 20, 0, 0]","[0, 0, 0, 0, 0, 0, 0, 0, 14, 39, 52, 44, 40, 47, 54, 52, 45, 39, 33, 24, 14, 5, 0, 0]","[0, 0, 0, 0, 0, 0, 0, 0, 20, 39, 47, 43, 37, 37, 39, 35, 27, 18, 14, 20, 21, 8, 0, 0]","[0, 0, 0, 0, 0, 0, 0, 0, 5, 17, 24, 17, 14, 21, 28, 31, 29, 24, 20, 20, 17, 10, 0, 0]"
JCO Giant Pekan Baru,ChIJVTderE2p1TERWHFnz_Uyhb8,0.503537,101.430636,cafe,"[0, 0, 0, 0, 0, 0, 0, 0, 0, 0, 87, 25, 12, 25, 25, 25, 25, 12, 12, 12, 12, 12, 0, 0]","[0, 0, 0, 0, 0, 0, 0, 0, 0, 0, 100, 50, 50, 0, 0, 12, 12, 12, 12, 0, 12, 12, 0, 0]","[0, 0, 0, 0, 0, 0, 0, 0, 0, 0, 75, 12, 0, 0, 0, 12, 12, 25, 37, 37, 37, 25, 0, 0]","[0, 0, 0, 0, 0, 0, 0, 0, 0, 0, 37, 12, 12, 12, 12, 12, 12, 12, 12, 12, 12, 12, 0, 0]","[0, 0, 0, 0, 0, 0, 0, 0, 0, 0, 0, 0, 0, 0, 0, 0, 0, 0, 0, 0, 0, 0, 0, 0]","[0, 0, 0, 0, 0, 0, 0, 0, 0, 0, 100, 75, 37, 12, 12, 12, 0, 12, 12, 12, 0, 0, 0, 0]","[0, 0, 0, 0, 0, 0, 0, 0, 0, 0, 0, 0, 0, 0, 0, 0, 0, 0, 0, 0, 0, 0, 0, 0]"
Musholla Darun na'im Sukaramai,ChIJn2yrMxCs1TEROFCAcUSWFKE,0.5263436,101.4472289,mosque,"[0, 0, 0, 0, 0, 0, 0, 0, 66, 88, 77, 55, 44, 44, 44, 44, 0, 0, 0, 0, 0, 0, 0, 0]","[0, 0, 0, 0, 0, 0, 0, 0, 33, 66, 88, 100, 88, 66, 44, 33, 0, 0, 0, 0, 0, 0, 0, 0]","[0, 0, 0, 0, 0, 0, 0, 0, 11, 55, 100, 66, 44, 55, 55, 55, 0, 0, 0, 0, 0, 0, 0, 0]","[0, 0, 0, 0, 0, 0, 0, 0, 22, 33, 44, 55, 55, 55, 44, 44, 0, 0, 0, 0, 0, 0, 0, 0]","[0, 0, 0, 0, 0, 0, 0, 0, 66, 100, 100, 77, 55, 33, 44, 44, 0, 0, 0, 0, 0, 0, 0, 0]","[0, 0, 0, 0, 0, 0, 0, 0, 0, 0, 0, 0, 0, 0, 0, 0, 0, 0, 0, 0, 0, 0, 0, 0]","[0, 0, 0, 0, 0, 0, 0, 0, 0, 0, 0, 0, 0, 0, 0, 0, 0, 0, 0, 0, 0, 0, 0, 0]"
MASJID NURUL AMAL,ChIJ856mJjOv1TERKQc3W9Pm4II,0.4663679999999999,101.4350536,mosque,"[34, 30, 24, 22, 24, 26, 32, 38, 44, 48, 52, 52, 50, 48, 48, 52, 58, 64, 66, 64, 58, 50, 40, 32]","[26, 22, 20, 22, 28, 34, 42, 48, 50, 52, 52, 50, 48, 44, 42, 44, 48, 52, 56, 58, 56, 50, 42, 34]","[26, 22, 20, 24, 32, 34, 38, 42, 46, 52, 56, 58, 54, 50, 48, 52, 68, 88, 100, 98, 82, 58, 40, 30]","[26, 26, 28, 30, 30, 34, 34, 34, 30, 28, 28, 30, 34, 36, 38, 46, 58, 68, 72, 70, 62, 50, 38, 28]","[22, 20, 22, 26, 16, 20, 26, 32, 40, 46, 50, 52, 52, 48, 44, 44, 48, 58, 68, 74, 68, 54, 38, 24]","[18, 14, 12, 14, 24, 24, 26, 30, 36, 46, 60, 74, 84, 88, 86, 84, 82, 86, 88, 82, 68, 50, 36, 28]","[24, 22, 22, 22, 20, 26, 38, 56, 70, 72, 64, 60, 66, 76, 86, 90, 86, 78, 68, 60, 54, 48, 44, 40]"
Masjid Raudhatul Ma'ruf,ChIJpXK8dRGv1TER9PaCbZZjh4I,0.4653374,101.4650411,mosque,"[13, 11, 11, 8, 13, 13, 13, 11, 11, 8, 22, 55, 55, 19, 11, 19, 30, 38, 38, 30, 22, 16, 13, 13]","[13, 13, 16, 13, 8, 8, 8, 8, 11, 13, 16, 22, 27, 30, 33, 33, 33, 36, 38, 33, 25, 16, 11, 8]","[8, 8, 8, 8, 5, 5, 5, 5, 5, 8, 8, 11, 16, 25, 36, 47, 55, 55, 47, 38, 27, 16, 11, 8]","[8, 5, 5, 5, 8, 5, 5, 2, 5, 11, 16, 22, 25, 25, 25, 30, 47, 63, 75, 72, 61, 44, 33, 27]","[22, 19, 16, 13, 11, 11, 11, 11, 8, 8, 16, 41, 69, 69, 47, 38, 44, 50, 52, 50, 38, 30, 19, 13]","[8, 8, 8, 8, 5, 5, 5, 8, 8, 11, 16, 22, 30, 38, 47, 52, 55, 52, 50, 41, 36, 27, 19, 13]","[11, 8, 5, 5, 8, 8, 11, 19, 36, 58, 83, 100, 97, 83, 69, 66, 80, 94, 94, 77, 55, 33, 22, 16]"
Masjid Darul Aman,ChIJY0uQsJWo1TER4EbLhXlHOn8,0.456763,101.4090211,mosque,"[3, 2, 1, 1, 2, 2, 3, 4, 5, 6, 7, 8, 9, 10, 12, 29, 17, 11, 15, 19, 17, 12, 6, 3]","[2, 1, 1, 1, 0, 1, 2, 3, 4, 6, 7, 8, 9, 10, 11, 29, 16, 15, 15, 14, 11, 8, 5, 3]","[1, 0, 0, 0, 0, 1, 2, 3, 4, 6, 7, 9, 10, 12, 16, 25, 18, 15, 16, 16, 13, 8, 4, 2]","[1, 0, 0, 0, 0, 1, 2, 3, 4, 6, 7, 9, 11, 12, 12, 24, 33, 17, 20, 19, 12, 6, 3, 2]","[1, 0, 0, 0, 1, 2, 3, 5, 7, 9, 12, 35, 100, 40, 19, 19, 17, 16, 17, 21, 13, 6, 4, 2]","[1, 1, 0, 1, 2, 2, 2, 4, 8, 18, 28, 31, 25, 16, 12, 14, 20, 26, 26, 22, 15, 8, 4, 3]","[2, 2, 2, 2, 2, 4, 8, 12, 17, 22, 27, 29, 30, 28, 26, 23, 20, 18, 16, 13, 11, 9, 7, 4]"
Klinik Pratama RUMAH ZAKAT,ChIJ7e4jIKiu1TERgapsJ66qz4A,0.5143400000000001,101.443855,doctor,"[0, 0, 0, 0, 0, 2, 15, 43, 79, 94, 92, 89, 94, 94, 82, 58, 35, 23, 15, 15, 12, 10, 5, 2]","[0, 0, 0, 0, 0, 2, 12, 41, 69, 66, 46, 41, 46, 53, 53, 51, 43, 33, 23, 15, 7, 5, 2, 0]","[0, 0, 0, 0, 0, 2, 12, 41, 76, 82, 66, 58, 66, 74, 71, 61, 48, 38, 35, 30, 20, 10, 0, 0]","[0, 0, 0, 0, 0, 7, 23, 46, 64, 71, 71, 74, 82, 84, 76, 61, 43, 25, 12, 10, 23, 17, 2, 0]","[0, 0, 0, 0, 0, 0, 12, 41, 79, 100, 87, 71, 71, 79, 76, 61, 41, 33, 41, 43, 25, 0, 0, 0]","[0, 0, 0, 0, 0, 5, 17, 35, 51, 56, 51, 56, 84, 94, 64, 25, 10, 10, 17, 17, 12, 5, 2, 0]","[0, 0, 0, 0, 0, 0, 0, 0, 0, 0, 0, 0, 0, 0, 0, 0, 0, 0, 0, 0, 0, 0, 0, 0]"
"Doctor Raymond Widjajahakim, Sp. KK",ChIJHc26GQis1TERYnAhzXxbhF4,0.5256361999999999,101.4341296,doctor,"[0, 0, 0, 0, 0, 0, 0, 0, 0, 10, 23, 39, 52, 58, 60, 71, 86, 82, 58, 47, 67, 73, 45, 0]","[0, 0, 0, 0, 0, 0, 0, 0, 0, 2, 4, 10, 19, 30, 41, 52, 56, 56, 56, 69, 84, 67, 30, 0]","[0, 0, 0, 0, 0, 0, 0, 0, 0, 6, 13, 23, 36, 50, 60, 65, 63, 54, 45, 45, 52, 52, 34, 0]","[0, 0, 0, 0, 0, 0, 0, 0, 0, 4, 10, 21, 34, 47, 58, 60, 56, 45, 36, 39, 52, 56, 39, 0]","[0, 0, 0, 0, 0, 0, 0, 0, 0, 4, 15, 30, 47, 54, 56, 63, 73, 69, 50, 45, 67, 73, 43, 0]","[0, 0, 0, 0, 0, 0, 0, 0, 0, 10, 15, 32, 58, 78, 80, 86, 100, 93, 60, 0, 0, 0, 0, 0]","[0, 0, 0, 0, 0, 0, 0, 0, 0, 0, 0, 0, 0, 0, 0, 0, 0, 0, 0, 0, 0, 0, 0, 0]"
Rumah Sakit Mata SMEC Pekanbaru,ChIJL1qmY9au1TERNTEegteoAXQ,0.4800504999999999,101.4391045,doctor,"[0, 0, 0, 0, 0, 0, 0, 0, 32, 54, 72, 77, 70, 58, 49, 42, 32, 20, 10, 4, 0, 0, 0, 0]","[0, 0, 0, 0, 0, 0, 0, 0, 39, 61, 75, 74, 63, 52, 43, 36, 28, 20, 12, 7, 0, 0, 0, 0]","[0, 0, 0, 0, 0, 0, 0, 0, 49, 72, 83, 84, 76, 62, 49, 38, 29, 21, 14, 8, 0, 0, 0, 0]","[0, 0, 0, 0, 0, 0, 0, 0, 46, 59, 58, 51, 48, 48, 45, 36, 25, 15, 9, 5, 0, 0, 0, 0]","[0, 0, 0, 0, 0, 0, 0, 0, 44, 62, 68, 62, 53, 45, 39, 32, 25, 18, 11, 7, 0, 0, 0, 0]","[0, 0, 0, 0, 0, 0, 0, 0, 50, 82, 100, 96, 83, 69, 54, 37, 27, 22, 18, 14, 0, 0, 0, 0]","[0, 0, 0, 0, 0, 0, 0, 0, 0, 0, 0, 0, 0, 0, 0, 0, 0, 0, 0, 0, 0, 0, 0, 0]"
Klinik Narita,ChIJ39iOd5us1TERvOnPszR_FGQ,0.5638818999999999,101.4405095,doctor,"[13, 9, 4, 2, 6, 11, 18, 25, 37, 48, 58, 65, 67, 65, 60, 55, 53, 60, 72, 83, 88, 79, 58, 37]","[18, 9, 4, 4, 2, 4, 9, 16, 27, 41, 55, 67, 74, 72, 65, 51, 41, 41, 55, 81, 100, 95, 69, 37]","[16, 4, 2, 0, 4, 4, 11, 25, 44, 65, 79, 79, 69, 55, 48, 51, 58, 65, 69, 69, 62, 51, 39, 30]","[20, 11, 6, 4, 9, 16, 23, 34, 46, 55, 65, 69, 69, 62, 53, 46, 69, 67, 58, 79, 93, 86, 60, 32]","[13, 4, 2, 4, 4, 9, 16, 23, 32, 41, 46, 48, 46, 41, 41, 51, 69, 79, 69, 69, 81, 83, 58, 25]","[6, 2, 0, 2, 0, 2, 4, 11, 25, 41, 53, 58, 51, 39, 37, 60, 90, 93, 81, 86, 97, 90, 65, 37]","[16, 4, 2, 0, 2, 2, 4, 9, 16, 23, 30, 37, 41, 44, 46, 48, 51, 53, 53, 51, 46, 37, 30, 20]"
Griya Satwa Pekanbaru,ChIJwXvyJ-yo1TERcQM8AiEcTj4,0.4654668,101.4037327,doctor,"[0, 0, 0, 0, 0, 0, 0, 0, 46, 38, 23, 30, 46, 61, 61, 61, 61, 69, 76, 76, 53, 30, 0, 0]","[0, 0, 0, 0, 0, 0, 0, 0, 84, 46, 30, 46, 69, 84, 84, 76, 76, 76, 69, 53, 30, 15, 0, 0]","[0, 0, 0, 0, 0, 0, 0, 0, 30, 53, 84, 92, 92, 76, 61, 53, 53, 53, 53, 53, 53, 38, 0, 0]","[0, 0, 0, 0, 0, 0, 0, 0, 38, 61, 69, 69, 61, 76, 92, 100, 92, 69, 46, 23, 38, 76, 0, 0]","[0, 0, 0, 0, 0, 0, 0, 0, 46, 61, 76, 69, 61, 53, 61, 69, 69, 53, 46, 61, 69, 38, 0, 0]","[0, 0, 0, 0, 0, 0, 0, 0, 38, 30, 38, 46, 53, 53, 61, 61, 69, 76, 76, 69, 61, 46, 0, 0]","[0, 0, 0, 0, 0, 0, 0, 0, 46, 61, 69, 76, 92, 100, 92, 76, 69, 69, 69, 69, 53, 38, 0, 0]"
Riona Dental Care,ChIJ34RN8luu1TERqat70t-fqDg,0.4992617,101.4651126,dentist,"[0, 0, 0, 0, 0, 0, 0, 0, 0, 60, 93, 83, 63, 70, 86, 86, 66, 46, 43, 56, 53, 0, 0, 0]","[0, 0, 0, 0, 0, 0, 0, 0, 0, 50, 73, 70, 60, 66, 90, 100, 86, 56, 33, 53, 63, 0, 0, 0]","[0, 0, 0, 0, 0, 0, 0, 0, 0, 23, 50, 70, 76, 80, 90, 90, 70, 56, 60, 63, 50, 0, 0, 0]","[0, 0, 0, 0, 0, 0, 0, 0, 0, 23, 43, 63, 73, 66, 50, 43, 80, 96, 43, 53, 53, 0, 0, 0]","[0, 0, 0, 0, 0, 0, 0, 0, 0, 43, 76, 73, 53, 53, 76, 93, 93, 70, 40, 23, 53, 0, 0, 0]","[0, 0, 0, 0, 0, 0, 0, 0, 0, 0, 0, 0, 0, 0, 0, 0, 0, 0, 0, 0, 0, 0, 0, 0]","[0, 0, 0, 0, 0, 0, 0, 0, 0, 0, 0, 0, 0, 0, 0, 0, 0, 0, 0, 0, 0, 0, 0, 0]"
"Praktek Dokter Gigi, drg. Agung T Prakoso Sp.BM, drg Diana Yuliarti, drg. Veni S. , Klinik Gigi Yassar",ChIJT_VHaoWs1TERutKEtnL8d3o,0.5604149999999999,101.444118,dentist,"[0, 0, 0, 0, 0, 0, 0, 0, 0, 67, 81, 76, 61, 47, 44, 50, 61, 69, 70, 64, 52, 0, 0, 0]","[0, 0, 0, 0, 0, 0, 0, 0, 0, 84, 86, 61, 46, 50, 60, 61, 60, 64, 78, 86, 75, 0, 0, 0]","[0, 0, 0, 0, 0, 0, 0, 0, 0, 63, 86, 100, 98, 84, 66, 52, 52, 63, 75, 78, 67, 0, 0, 0]","[0, 0, 0, 0, 0, 0, 0, 0, 0, 66, 78, 81, 84, 83, 70, 53, 43, 52, 75, 93, 89, 0, 0, 0]","[0, 0, 0, 0, 0, 0, 0, 0, 0, 93, 93, 75, 64, 67, 76, 83, 84, 81, 72, 60, 46, 0, 0, 0]","[0, 0, 0, 0, 0, 0, 0, 0, 0, 72, 81, 56, 44, 50, 53, 47, 40, 41, 52, 61, 58, 0, 0, 0]","[0, 0, 0, 0, 0, 0, 0, 0, 0, 0, 0, 0, 0, 0, 0, 0, 0, 0, 0, 0, 0, 0, 0, 0]"
Klinik Narita,ChIJ39iOd5us1TERvOnPszR_FGQ,0.5638818999999999,101.4405095,dentist,"[13, 9, 4, 2, 6, 11, 18, 25, 37, 48, 58, 65, 67, 65, 60, 55, 53, 60, 72, 83, 88, 79, 58, 37]","[18, 9, 4, 4, 2, 4, 9, 16, 27, 41, 55, 67, 74, 72, 65, 51, 41, 41, 55, 81, 100, 95, 69, 37]","[16, 4, 2, 0, 4, 4, 11, 25, 44, 65, 79, 79, 69, 55, 48, 51, 58, 65, 69, 69, 62, 51, 39, 30]","[20, 11, 6, 4, 9, 16, 23, 34, 46, 55, 65, 69, 69, 62, 53, 46, 69, 67, 58, 79, 93, 86, 60, 32]","[13, 4, 2, 4, 4, 9, 16, 23, 32, 41, 46, 48, 46, 41, 41, 51, 69, 79, 69, 69, 81, 83, 58, 25]","[6, 2, 0, 2, 0, 2, 4, 11, 25, 41, 53, 58, 51, 39, 37, 60, 90, 93, 81, 86, 97, 90, 65, 37]","[16, 4, 2, 0, 2, 2, 4, 9, 16, 23, 30, 37, 41, 44, 46, 48, 51, 53, 53, 51, 46, 37, 30, 20]"
Dokter Gigi Yuliana,ChIJ74AiS7Cu1TERZ8XkX1iIMZw,0.5047393,101.4425202,dentist,"[0, 0, 0, 0, 0, 0, 0, 0, 0, 100, 64, 51, 51, 51, 46, 38, 30, 25, 17, 12, 10, 0, 0, 0]","[0, 0, 0, 0, 0, 0, 0, 0, 0, 74, 71, 61, 58, 58, 53, 46, 38, 35, 35, 33, 25, 0, 0, 0]","[0, 0, 0, 0, 0, 0, 0, 0, 0, 82, 97, 92, 71, 53, 43, 38, 35, 30, 23, 17, 10, 0, 0, 0]","[0, 0, 0, 0, 0, 0, 0, 0, 0, 84, 58, 43, 46, 53, 56, 53, 46, 35, 25, 17, 12, 0, 0, 0]","[0, 0, 0, 0, 0, 0, 0, 0, 0, 71, 58, 61, 71, 61, 41, 30, 28, 25, 20, 12, 7, 0, 0, 0]","[0, 0, 0, 0, 0, 0, 0, 0, 0, 58, 48, 28, 17, 17, 20, 20, 20, 15, 12, 7, 5, 0, 0, 0]","[0, 0, 0, 0, 0, 0, 0, 0, 0, 0, 0, 0, 0, 0, 0, 0, 0, 0, 0, 0, 0, 0, 0, 0]"
LUQYANA DENTAL CLINIC by. Drg Yuliana,ChIJyyfKSrCu1TEREbVHZCtZjek,0.5048328,101.4424539,dentist,"[0, 0, 0, 0, 0, 0, 0, 0, 0, 62, 62, 56, 62, 75, 75, 68, 56, 43, 37, 37, 31, 0, 0, 0]","[0, 0, 0, 0, 0, 0, 0, 0, 0, 18, 25, 37, 56, 68, 62, 37, 25, 25, 31, 37, 25, 0, 0, 0]","[0, 0, 0, 0, 0, 0, 0, 0, 0, 43, 43, 56, 75, 93, 100, 87, 62, 50, 37, 31, 31, 0, 0, 0]","[0, 0, 0, 0, 0, 0, 0, 0, 0, 43, 31, 31, 37, 56, 68, 56, 43, 31, 25, 25, 18, 0, 0, 0]","[0, 0, 0, 0, 0, 0, 0, 0, 0, 50, 56, 56, 56, 56, 50, 43, 43, 43, 37, 31, 18, 0, 0, 0]","[0, 0, 0, 0, 0, 0, 0, 0, 0, 43, 50, 62, 68, 68, 62, 43, 31, 25, 25, 25, 18, 0, 0, 0]","[0, 0, 0, 0, 0, 0, 0, 0, 0, 6, 12, 25, 37, 50, 56, 50, 43, 31, 25, 18, 12, 0, 0, 0]"
Zala Futsal,ChIJW5zUaymv1TER7SQGj6JNt2Y,0.5049085999999999,101.4379532,gym,"[4, 1, 1, 0, 0, 0, 0, 0, 0, 0, 0, 0, 0, 0, 0, 0, 0, 0, 0, 0, 0, 0, 0, 0]","[0, 0, 0, 0, 0, 0, 0, 0, 0, 0, 0, 1, 1, 1, 1, 2, 2, 2, 2, 10, 28, 35, 17, 2]","[0, 0, 0, 0, 0, 0, 0, 0, 0, 1, 2, 2, 1, 1, 0, 0, 0, 0, 1, 13, 32, 32, 16, 7]","[2, 1, 0, 0, 0, 0, 0, 0, 1, 7, 13, 13, 8, 2, 1, 1, 2, 4, 7, 16, 31, 38, 31, 16]","[4, 0, 0, 0, 0, 0, 0, 0, 0, 0, 0, 0, 0, 0, 0, 0, 1, 7, 28, 67, 100, 97, 59, 23]","[0, 0, 0, 0, 0, 1, 5, 10, 13, 13, 10, 5, 1, 1, 0, 2, 35, 70, 34, 4, 5, 20, 29, 16]","[2, 0, 0, 0, 0, 0, 1, 1, 5, 10, 16, 16, 11, 7, 1, 1, 1, 1, 2, 7, 8, 10, 10, 7]"
MAXX SALON FOR MEN (RUDY HADISUARNO),ChIJeablhtau1TERmhvb7Iw6mDw,0.4808061000000001,101.440224,hair_care,"[0, 0, 0, 0, 0, 0, 0, 0, 0, 5, 28, 62, 90, 91, 67, 42, 34, 41, 44, 33, 14, 0, 0, 0]","[0, 0, 0, 0, 0, 0, 0, 0, 0, 7, 33, 69, 97, 100, 80, 59, 48, 43, 32, 16, 3, 0, 0, 0]","[0, 0, 0, 0, 0, 0, 0, 0, 0, 0, 19, 57, 95, 96, 63, 33, 26, 29, 29, 21, 10, 0, 0, 0]","[0, 0, 0, 0, 0, 0, 0, 0, 0, 6, 24, 55, 88, 95, 77, 59, 51, 42, 30, 15, 3, 0, 0, 0]","[0, 0, 0, 0, 0, 0, 0, 0, 0, 2, 15, 36, 60, 78, 84, 77, 67, 65, 59, 38, 12, 0, 0, 0]","[0, 0, 0, 0, 0, 0, 0, 0, 0, 16, 40, 45, 59, 83, 81, 62, 54, 51, 43, 27, 10, 0, 0, 0]","[0, 0, 0, 0, 0, 0, 0, 0, 0, 13, 46, 72, 75, 77, 85, 80, 61, 53, 45, 22, 0, 0, 0, 0]"
Omar Barbershop,ChIJwYFR6e6o1TER4aSbzo_pmpE,0.4660990999999999,101.4038227,hair_care,"[0, 0, 0, 0, 0, 0, 0, 0, 0, 0, 3, 11, 23, 26, 30, 38, 50, 53, 61, 65, 57, 42, 0, 0]","[0, 0, 0, 0, 0, 0, 0, 0, 0, 0, 0, 0, 0, 0, 0, 11, 26, 65, 61, 50, 57, 38, 0, 0]","[0, 0, 0, 0, 0, 0, 0, 0, 0, 0, 23, 34, 23, 7, 11, 26, 38, 46, 42, 46, 50, 34, 0, 0]","[0, 0, 0, 0, 0, 0, 0, 0, 0, 0, 3, 7, 7, 7, 11, 30, 53, 61, 46, 42, 57, 46, 0, 0]","[0, 0, 0, 0, 0, 0, 0, 0, 0, 0, 19, 26, 34, 34, 38, 50, 65, 73, 65, 53, 61, 46, 0, 0]","[0, 0, 0, 0, 0, 0, 0, 0, 0, 0, 11, 26, 34, 38, 38, 46, 65, 80, 88, 76, 53, 30, 0, 0]","[0, 0, 0, 0, 0, 0, 0, 0, 0, 0, 19, 42, 46, 34, 30, 46, 69, 88, 100, 92, 73, 50, 0, 0]"
Pangkas rambut prima jaya,ChIJaWDw71mv1TERMdrBp54ebQ8,0.4452280999999999,101.44601740000002,hair_care,"[0, 0, 0, 0, 0, 0, 0, 0, 0, 22, 29, 35, 38, 35, 32, 32, 45, 67, 83, 74, 61, 48, 0, 0]","[0, 0, 0, 0, 0, 0, 0, 0, 0, 35, 48, 54, 54, 48, 45, 51, 67, 83, 93, 90, 74, 51, 0, 0]","[0, 0, 0, 0, 0, 0, 0, 0, 0, 32, 54, 67, 64, 54, 51, 61, 80, 96, 100, 87, 64, 41, 0, 0]","[0, 0, 0, 0, 0, 0, 0, 0, 0, 25, 45, 54, 58, 64, 80, 83, 70, 58, 58, 61, 58, 45, 0, 0]","[0, 0, 0, 0, 0, 0, 0, 0, 0, 22, 35, 45, 45, 38, 32, 29, 35, 48, 64, 70, 61, 45, 0, 0]","[0, 0, 0, 0, 0, 0, 0, 0, 0, 25, 32, 35, 45, 64, 80, 83, 80, 83, 90, 87, 70, 48, 0, 0]","[0, 0, 0, 0, 0, 0, 0, 0, 0, 35, 48, 64, 70, 67, 61, 51, 41, 35, 32, 29, 25, 19, 0, 0]"
Rumah Sakit Mata SMEC Pekanbaru,ChIJL1qmY9au1TERNTEegteoAXQ,0.4800504999999999,101.4391045,hospital,"[0, 0, 0, 0, 0, 0, 0, 0, 32, 54, 72, 77, 70, 58, 49, 42, 32, 20, 10, 4, 0, 0, 0, 0]","[0, 0, 0, 0, 0, 0, 0, 0, 39, 61, 75, 74, 63, 52, 43, 36, 28, 20, 12, 7, 0, 0, 0, 0]","[0, 0, 0, 0, 0, 0, 0, 0, 49, 72, 83, 84, 76, 62, 49, 38, 29, 21, 14, 8, 0, 0, 0, 0]","[0, 0, 0, 0, 0, 0, 0, 0, 46, 59, 58, 51, 48, 48, 45, 36, 25, 15, 9, 5, 0, 0, 0, 0]","[0, 0, 0, 0, 0, 0, 0, 0, 44, 62, 68, 62, 53, 45, 39, 32, 25, 18, 11, 7, 0, 0, 0, 0]","[0, 0, 0, 0, 0, 0, 0, 0, 50, 82, 100, 96, 83, 69, 54, 37, 27, 22, 18, 14, 0, 0, 0, 0]","[0, 0, 0, 0, 0, 0, 0, 0, 0, 0, 0, 0, 0, 0, 0, 0, 0, 0, 0, 0, 0, 0, 0, 0]"
Apotik Medika Pekanbaru,ChIJzUUKSAms1TERHrz-NzGnJXE,0.5283831,101.4383438,pharmacy,"[0, 0, 0, 0, 0, 0, 0, 1, 2, 11, 19, 19, 12, 3, 1, 1, 8, 27, 52, 68, 61, 38, 0, 0]","[0, 0, 0, 0, 0, 0, 0, 0, 6, 18, 28, 27, 17, 5, 1, 1, 1, 19, 61, 100, 90, 45, 0, 0]","[0, 0, 0, 0, 0, 0, 0, 1, 5, 11, 14, 14, 10, 4, 1, 1, 9, 31, 56, 65, 48, 21, 0, 0]","[0, 0, 0, 0, 0, 0, 0, 1, 3, 16, 28, 28, 16, 3, 1, 1, 1, 13, 45, 78, 77, 43, 0, 0]","[0, 0, 0, 0, 0, 0, 0, 1, 2, 11, 20, 19, 9, 0, 1, 1, 2, 17, 41, 60, 56, 32, 0, 0]","[0, 0, 0, 0, 0, 0, 0, 1, 5, 15, 19, 13, 6, 2, 1, 1, 4, 16, 32, 41, 34, 18, 0, 0]","[0, 0, 0, 0, 0, 0, 0, 0, 0, 0, 0, 0, 0, 0, 0, 0, 0, 0, 0, 0, 0, 0, 0, 0]"
GUARDIAN - Giant Nangka,ChIJ7bGCVEyp1TERUBZTcYRcEGQ,0.5034773,101.4309036,pharmacy,"[0, 0, 0, 0, 0, 0, 0, 0, 0, 0, 0, 0, 0, 0, 0, 0, 0, 0, 0, 0, 0, 0, 0, 0]","[0, 0, 0, 0, 0, 0, 0, 0, 0, 0, 0, 7, 21, 35, 42, 64, 78, 78, 50, 35, 28, 0, 0, 0]","[0, 0, 0, 0, 0, 0, 0, 0, 0, 0, 0, 0, 0, 0, 0, 0, 0, 0, 0, 0, 0, 0, 0, 0]","[0, 0, 0, 0, 0, 0, 0, 0, 0, 0, 0, 0, 0, 0, 0, 0, 0, 0, 0, 0, 0, 0, 0, 0]","[0, 0, 0, 0, 0, 0, 0, 0, 0, 0, 21, 28, 35, 42, 42, 42, 35, 35, 42, 50, 42, 0, 0, 0]","[0, 0, 0, 0, 0, 0, 0, 0, 0, 0, 28, 35, 35, 35, 50, 71, 85, 85, 92, 100, 85, 0, 0, 0]","[0, 0, 0, 0, 0, 0, 0, 0, 0, 0, 14, 21, 28, 35, 50, 50, 57, 57, 50, 42, 35, 0, 0, 0]"
Kimia Farma Nangka,ChIJh9iTKEyp1TERLFXNBbscPng,0.5031139,101.428442,pharmacy,"[4, 0, 4, 0, 0, 0, 4, 4, 18, 36, 45, 40, 27, 13, 13, 18, 31, 50, 63, 68, 63, 50, 31, 13]","[4, 4, 4, 4, 4, 4, 4, 4, 4, 13, 27, 31, 31, 27, 22, 22, 31, 50, 72, 86, 81, 59, 31, 4]","[4, 4, 4, 4, 0, 0, 0, 4, 13, 40, 45, 40, 31, 22, 18, 27, 40, 59, 68, 72, 63, 50, 27, 9]","[4, 4, 4, 4, 0, 0, 0, 4, 59, 72, 31, 40, 54, 50, 50, 68, 86, 95, 100, 86, 63, 40, 18, 4]","[4, 4, 4, 0, 0, 0, 0, 4, 31, 63, 63, 31, 13, 18, 36, 54, 68, 77, 86, 95, 95, 86, 59, 27]","[4, 4, 4, 0, 0, 0, 4, 4, 13, 31, 40, 40, 31, 31, 31, 40, 45, 54, 59, 63, 68, 63, 50, 31]","[9, 4, 4, 4, 4, 4, 4, 4, 4, 4, 4, 4, 9, 9, 9, 4, 4, 4, 4, 18, 4, 9, 27, 13]"
Milagros Pekanbaru (Stokis Resmi),ChIJqQQ-7VGp1TERVDOfQL0qSSI,0.5071829000000001,101.4274189,pharmacy,"[23, 23, 15, 15, 30, 38, 38, 38, 30, 23, 23, 23, 38, 46, 46, 38, 30, 30, 23, 23, 15, 15, 7, 7]","[7, 7, 15, 23, 23, 23, 23, 23, 23, 23, 30, 46, 61, 61, 53, 46, 46, 46, 46, 38, 38, 30, 30, 30]","[23, 23, 23, 23, 15, 15, 15, 0, 7, 15, 15, 23, 46, 69, 69, 53, 38, 30, 30, 30, 30, 30, 30, 30]","[30, 23, 23, 23, 23, 23, 23, 23, 23, 23, 23, 23, 23, 23, 23, 23, 23, 30, 46, 69, 76, 53, 30, 23]","[23, 23, 23, 23, 23, 15, 15, 15, 15, 23, 38, 53, 61, 61, 53, 46, 30, 30, 30, 30, 38, 38, 38, 38]","[30, 30, 23, 23, 15, 15, 15, 15, 23, 30, 46, 61, 76, 84, 92, 100, 100, 92, 76, 53, 38, 23, 15, 15]","[15, 15, 15, 15, 15, 15, 23, 30, 38, 53, 69, 84, 84, 76, 76, 76, 92, 100, 92, 69, 46, 30, 23, 23]"
Apotek Mandiri,ChIJ71mHKRKs1TERGiK99NMnwn8,0.5286059000000001,101.4477178,pharmacy,"[0, 0, 0, 0, 0, 0, 0, 0, 13, 23, 33, 40, 36, 33, 33, 53, 76, 86, 73, 70, 93, 0, 0, 0]","[0, 0, 0, 0, 0, 0, 0, 0, 20, 33, 50, 56, 50, 36, 23, 23, 40, 60, 63, 53, 66, 0, 0, 0]","[0, 0, 0, 0, 0, 0, 0, 0, 6, 10, 13, 16, 20, 20, 20, 23, 36, 56, 80, 90, 76, 0, 0, 0]","[0, 0, 0, 0, 0, 0, 0, 0, 3, 10, 20, 23, 16, 10, 16, 36, 66, 86, 86, 83, 93, 0, 0, 0]","[0, 0, 0, 0, 0, 0, 0, 0, 6, 10, 16, 20, 26, 30, 33, 40, 56, 76, 96, 100, 83, 0, 0, 0]","[0, 0, 0, 0, 0, 0, 0, 0, 10, 20, 30, 40, 43, 43, 43, 46, 56, 60, 63, 73, 86, 0, 0, 0]","[0, 0, 0, 0, 0, 0, 0, 0, 10, 13, 16, 13, 10, 10, 20, 36, 50, 53, 40, 26, 36, 0, 0, 0]"
Apotek Kimia Farma Melur,ChIJZaJVnAWs1TERXCjTFQUcK6k,0.5281544,101.4342276,pharmacy,"[0, 0, 0, 0, 0, 0, 0, 0, 39, 58, 62, 56, 45, 45, 50, 54, 52, 50, 58, 72, 77, 58, 0, 0]","[0, 0, 0, 0, 0, 0, 0, 0, 33, 52, 70, 77, 68, 56, 45, 45, 56, 70, 77, 72, 58, 39, 0, 0]","[0, 0, 0, 0, 0, 0, 0, 0, 39, 60, 68, 58, 39, 31, 33, 39, 41, 45, 56, 68, 70, 54, 0, 0]","[0, 0, 0, 0, 0, 0, 0, 0, 37, 79, 100, 83, 54, 43, 45, 43, 37, 33, 39, 54, 60, 47, 0, 0]","[0, 0, 0, 0, 0, 0, 0, 0, 50, 70, 77, 66, 47, 35, 31, 39, 50, 60, 62, 58, 47, 35, 0, 0]","[0, 0, 0, 0, 0, 0, 0, 0, 39, 54, 60, 54, 41, 37, 37, 37, 33, 29, 31, 39, 41, 31, 0, 0]","[0, 0, 0, 0, 0, 0, 0, 0, 10, 16, 20, 16, 12, 12, 18, 25, 20, 12, 10, 16, 20, 18, 0, 0]"
Apotek Trans,ChIJCT6Y-eKr1TEROfR-Hc-uMDw,0.5174228000000001,101.4212653,pharmacy,"[0, 0, 0, 0, 0, 0, 0, 0, 14, 22, 25, 33, 44, 59, 66, 70, 62, 59, 59, 59, 55, 40, 0, 0]","[0, 0, 0, 0, 0, 0, 0, 0, 7, 14, 22, 25, 33, 37, 40, 40, 40, 37, 33, 29, 22, 14, 0, 0]","[0, 0, 0, 0, 0, 0, 0, 0, 3, 18, 37, 51, 55, 44, 33, 37, 55, 85, 100, 96, 70, 40, 0, 0]","[0, 0, 0, 0, 0, 0, 0, 0, 3, 11, 18, 25, 37, 48, 55, 59, 59, 55, 48, 40, 29, 22, 0, 0]","[0, 0, 0, 0, 0, 0, 0, 0, 25, 40, 51, 59, 62, 59, 59, 59, 59, 66, 70, 70, 62, 48, 0, 0]","[0, 0, 0, 0, 0, 0, 0, 0, 22, 37, 51, 59, 59, 51, 40, 33, 33, 37, 37, 25, 11, 3, 0, 0]","[0, 0, 0, 0, 0, 0, 0, 0, 0, 0, 3, 3, 3, 3, 3, 3, 3, 3, 3, 3, 3, 3, 0, 0]"
Apotek Kimia Farma,ChIJAQvyG_So1TERYVVc9OdCUoY,0.4644140000000001,101.4016605,pharmacy,"[4, 4, 4, 4, 4, 4, 4, 4, 4, 4, 29, 58, 75, 79, 75, 62, 58, 66, 87, 100, 95, 79, 54, 33]","[12, 4, 4, 4, 4, 4, 4, 4, 4, 4, 25, 41, 54, 58, 58, 58, 62, 75, 83, 91, 91, 75, 54, 25]","[4, 4, 4, 4, 4, 4, 4, 4, 4, 4, 8, 25, 37, 41, 41, 37, 37, 45, 66, 91, 100, 91, 70, 50]","[25, 4, 4, 4, 4, 4, 4, 4, 4, 25, 37, 45, 58, 75, 91, 95, 79, 58, 50, 54, 66, 70, 62, 41]","[12, 4, 4, 4, 4, 4, 4, 4, 4, 4, 12, 29, 37, 41, 45, 45, 50, 54, 62, 62, 62, 54, 37, 16]","[4, 4, 4, 4, 4, 4, 4, 4, 4, 4, 4, 4, 4, 20, 37, 41, 29, 12, 4, 12, 29, 41, 41, 33]","[16, 4, 4, 4, 4, 4, 4, 4, 4, 4, 4, 4, 12, 25, 29, 33, 37, 41, 45, 50, 50, 41, 25, 4]"
Kimia Farma Apotek 596,ChIJCaeidEOo1TERl1DlVnrrZ0M,0.4638543999999999,101.3796536,pharmacy,"[6, 0, 0, 0, 0, 0, 6, 6, 6, 20, 40, 40, 40, 53, 73, 86, 93, 80, 60, 53, 60, 60, 46, 20]","[6, 6, 0, 0, 0, 0, 6, 6, 6, 6, 20, 26, 33, 40, 53, 73, 86, 86, 73, 46, 40, 53, 60, 40]","[6, 0, 0, 0, 0, 0, 6, 6, 6, 20, 33, 40, 40, 40, 46, 60, 80, 73, 66, 60, 53, 46, 26, 6]","[6, 0, 0, 0, 0, 0, 0, 6, 26, 60, 66, 53, 33, 26, 46, 80, 100, 100, 86, 73, 86, 86, 66, 33]","[6, 0, 0, 0, 0, 0, 0, 6, 6, 26, 40, 40, 33, 26, 33, 46, 66, 80, 80, 73, 53, 33, 13, 6]","[6, 6, 0, 0, 0, 0, 0, 6, 6, 13, 26, 33, 33, 40, 46, 46, 46, 40, 33, 33, 33, 33, 26, 20]","[6, 6, 6, 6, 6, 6, 6, 6, 6, 6, 6, 6, 6, 13, 13, 13, 13, 6, 6, 6, 13, 26, 6, 6]"
Milagros Pekanbaru (Stokis Resmi),ChIJ4cvCMOWx1TERFXL8sAzf7pU,0.5054333,101.5343142,pharmacy,"[22, 22, 22, 22, 22, 0, 0, 11, 11, 0, 33, 44, 44, 33, 22, 33, 55, 55, 44, 33, 33, 33, 33, 33]","[33, 33, 22, 22, 11, 22, 11, 0, 11, 11, 22, 33, 44, 44, 55, 55, 55, 66, 77, 66, 44, 22, 11, 0]","[0, 0, 0, 0, 0, 0, 11, 11, 11, 22, 22, 22, 22, 33, 44, 55, 77, 88, 100, 100, 100, 77, 55, 33]","[11, 11, 0, 0, 0, 0, 0, 0, 0, 11, 11, 22, 33, 44, 55, 66, 77, 66, 55, 44, 33, 22, 22, 22]","[22, 11, 11, 11, 11, 0, 11, 22, 22, 22, 33, 33, 33, 33, 33, 33, 33, 44, 55, 66, 55, 55, 44, 33]","[33, 22, 22, 22, 11, 0, 11, 22, 22, 33, 33, 33, 33, 22, 33, 55, 77, 66, 44, 33, 33, 33, 33, 33]","[33, 22, 22, 11, 22, 22, 22, 22, 22, 33, 33, 44, 44, 55, 66, 66, 77, 66, 55, 44, 33, 22, 22, 22]"
Kenken Petshop,ChIJocgBRSqs1TERN2VzaQeQEL0,0.5168680000000001,101.475636,pet_store,"[0, 0, 0, 0, 0, 0, 0, 0, 6, 20, 33, 46, 53, 53, 46, 40, 40, 40, 33, 20, 13, 0, 0, 0]","[0, 0, 0, 0, 0, 0, 0, 0, 6, 6, 13, 20, 26, 33, 33, 33, 40, 60, 60, 33, 6, 0, 0, 0]","[0, 0, 0, 0, 0, 0, 0, 0, 6, 6, 20, 26, 20, 13, 13, 33, 46, 33, 26, 60, 66, 0, 0, 0]","[0, 0, 0, 0, 0, 0, 0, 0, 0, 6, 20, 26, 26, 20, 20, 20, 33, 33, 40, 33, 26, 0, 0, 0]","[0, 0, 0, 0, 0, 0, 0, 0, 13, 13, 20, 26, 33, 33, 33, 73, 100, 40, 20, 13, 13, 0, 0, 0]","[0, 0, 0, 0, 0, 0, 0, 0, 13, 20, 26, 33, 40, 40, 40, 40, 33, 73, 46, 33, 26, 13, 0, 0]","[0, 0, 0, 0, 0, 0, 0, 0, 6, 6, 13, 20, 20, 20, 26, 33, 40, 33, 20, 20, 20, 0, 0, 0]"
EVO PETSHOP AND COFFEESHOP,ChIJB4CiO2St1TERpAV6IwxlFO8,0.516386,101.441729,pet_store,"[0, 0, 0, 0, 0, 0, 0, 0, 37, 62, 62, 50, 37, 37, 50, 50, 50, 50, 50, 50, 37, 0, 0, 0]","[0, 0, 0, 0, 0, 0, 0, 0, 50, 87, 100, 62, 25, 25, 37, 50, 62, 62, 75, 75, 62, 0, 0, 0]","[0, 0, 0, 0, 0, 0, 0, 0, 37, 62, 50, 25, 37, 50, 62, 75, 75, 62, 50, 37, 25, 0, 0, 0]","[0, 0, 0, 0, 0, 0, 0, 0, 37, 75, 87, 87, 62, 25, 12, 25, 50, 75, 87, 75, 50, 0, 0, 0]","[0, 0, 0, 0, 0, 0, 0, 0, 12, 50, 75, 25, 12, 12, 12, 37, 50, 62, 50, 50, 25, 0, 0, 0]","[0, 0, 0, 0, 0, 0, 0, 0, 50, 75, 50, 25, 12, 37, 62, 75, 87, 75, 62, 37, 25, 0, 0, 0]","[0, 0, 0, 0, 0, 0, 0, 0, 0, 0, 0, 0, 0, 0, 0, 0, 0, 0, 0, 0, 0, 0, 0, 0]"
EVO PETSHOP AND COFFEESHOP,ChIJbVLH17Ot1TERtV0sw87XD34,0.5163732,101.4414775,pet_store,"[0, 0, 0, 0, 0, 0, 0, 0, 37, 62, 62, 50, 37, 37, 50, 50, 50, 50, 50, 50, 37, 0, 0, 0]","[0, 0, 0, 0, 0, 0, 0, 0, 50, 87, 100, 62, 25, 25, 37, 50, 62, 62, 75, 75, 62, 0, 0, 0]","[0, 0, 0, 0, 0, 0, 0, 0, 37, 62, 50, 25, 37, 50, 62, 75, 75, 62, 50, 37, 25, 0, 0, 0]","[0, 0, 0, 0, 0, 0, 0, 0, 37, 75, 87, 87, 62, 25, 12, 25, 50, 75, 87, 75, 50, 0, 0, 0]","[0, 0, 0, 0, 0, 0, 0, 0, 12, 50, 75, 25, 12, 12, 12, 37, 50, 62, 50, 50, 25, 0, 0, 0]","[0, 0, 0, 0, 0, 0, 0, 0, 50, 75, 50, 25, 12, 37, 62, 75, 87, 75, 62, 37, 25, 0, 0, 0]","[0, 0, 0, 0, 0, 0, 0, 0, 0, 0, 0, 0, 0, 0, 0, 0, 0, 0, 0, 0, 0, 0, 0, 0]"
Happy Puppy,ChIJI4X9Y42r1TERI3V4hdkFlWA,0.535046,101.4231979,night_club,"[18, 7, 0, 0, 0, 0, 0, 0, 0, 0, 0, 0, 1, 4, 7, 10, 11, 11, 15, 29, 44, 46, 37, 28]","[19, 7, 0, 0, 0, 0, 0, 0, 0, 0, 0, 1, 2, 5, 7, 10, 11, 11, 12, 19, 29, 34, 32, 26]","[20, 13, 0, 0, 0, 0, 0, 0, 0, 0, 0, 2, 3, 5, 7, 9, 11, 13, 17, 25, 37, 45, 41, 31]","[24, 12, 0, 0, 0, 0, 0, 0, 0, 0, 0, 1, 2, 4, 8, 12, 16, 19, 21, 23, 31, 40, 43, 34]","[22, 12, 0, 0, 0, 0, 0, 0, 0, 0, 0, 1, 2, 4, 7, 9, 11, 14, 21, 32, 42, 51, 58, 56]","[39, 19, 6, 0, 0, 0, 0, 0, 0, 0, 0, 1, 3, 9, 19, 31, 37, 36, 31, 36, 56, 84, 100, 88]","[58, 28, 10, 0, 0, 0, 0, 0, 0, 0, 0, 1, 4, 11, 21, 32, 38, 40, 40, 44, 51, 54, 47, 32]"
PETERSELI KITCHEN,ChIJ-YOvERSs1TER1tk3upFhaLs,0.5104270000000001,101.454093,night_club,"[0, 0, 0, 0, 0, 0, 0, 0, 0, 0, 2, 7, 14, 22, 26, 25, 21, 16, 16, 28, 45, 49, 35, 15]","[0, 0, 0, 0, 0, 0, 0, 0, 0, 0, 2, 8, 14, 18, 20, 25, 28, 24, 24, 37, 49, 44, 25, 9]","[0, 0, 0, 0, 0, 0, 0, 0, 0, 0, 5, 14, 24, 28, 23, 19, 24, 29, 26, 33, 54, 61, 42, 18]","[0, 0, 0, 0, 0, 0, 0, 0, 0, 0, 6, 12, 19, 24, 28, 30, 30, 29, 32, 40, 48, 45, 31, 14]","[0, 0, 0, 0, 0, 0, 0, 0, 0, 0, 3, 7, 11, 17, 22, 25, 26, 27, 34, 50, 67, 66, 46, 22]","[0, 0, 0, 0, 0, 0, 0, 0, 0, 0, 6, 11, 18, 25, 32, 36, 37, 36, 40, 57, 86, 100, 78, 39]","[0, 0, 0, 0, 0, 0, 0, 0, 0, 0, 1, 4, 10, 19, 29, 36, 39, 37, 37, 47, 61, 58, 37, 14]"
Happy Puppy Sudirman,ChIJrX9EVxKs1TERy1Pvkk4dJPA,0.4887462,101.4540202,night_club,"[29, 11, 1, 0, 0, 0, 0, 0, 0, 0, 0, 1, 1, 6, 11, 17, 21, 24, 26, 29, 35, 42, 42, 35]","[22, 10, 0, 0, 0, 0, 0, 0, 0, 0, 0, 1, 2, 7, 14, 20, 22, 22, 24, 31, 45, 56, 55, 41]","[22, 7, 0, 0, 0, 0, 0, 0, 0, 0, 0, 4, 9, 15, 22, 27, 29, 29, 28, 29, 36, 44, 46, 38]","[24, 10, 0, 0, 0, 0, 0, 0, 0, 0, 0, 1, 8, 16, 24, 29, 27, 25, 27, 36, 48, 54, 51, 38]","[20, 6, 0, 0, 0, 0, 0, 0, 0, 0, 0, 1, 7, 15, 23, 28, 29, 27, 27, 37, 57, 77, 80, 62]","[35, 13, 0, 0, 0, 0, 0, 0, 0, 0, 0, 1, 6, 15, 30, 43, 46, 39, 34, 41, 63, 87, 100, 90]","[65, 37, 15, 0, 0, 0, 0, 0, 0, 0, 0, 1, 4, 12, 21, 30, 38, 41, 34, 27, 31, 46, 56, 49]"
NEW PARAGON KTV POOL & CAFE,ChIJJX3PK2us1TERVOX4W6ETvQg,0.5347780999999999,101.4534774,night_club,"[32, 37, 40, 53, 28, 0, 0, 0, 0, 0, 0, 0, 0, 0, 1, 1, 2, 2, 3, 5, 8, 13, 18, 24]","[32, 42, 49, 44, 33, 0, 0, 0, 0, 0, 0, 0, 0, 0, 0, 1, 2, 3, 5, 8, 11, 14, 19, 25]","[33, 42, 46, 43, 30, 0, 0, 0, 0, 0, 0, 0, 0, 0, 1, 1, 3, 4, 7, 9, 12, 15, 19, 25]","[33, 41, 45, 41, 35, 0, 0, 0, 0, 0, 0, 0, 0, 0, 2, 3, 4, 5, 6, 9, 13, 19, 23, 28]","[39, 56, 66, 57, 48, 0, 0, 0, 0, 0, 0, 0, 0, 0, 2, 3, 4, 4, 5, 7, 12, 19, 28, 37]","[48, 62, 71, 67, 62, 0, 0, 0, 0, 0, 0, 0, 0, 0, 1, 2, 3, 3, 4, 6, 10, 17, 25, 35]","[52, 79, 100, 93, 70, 0, 0, 0, 0, 0, 0, 0, 0, 0, 1, 2, 2, 3, 4, 5, 7, 10, 15, 23]"
Terminal 8,ChIJsWPnqLyu1TERctXbYsftvdE,0.5055955000000001,101.451216,night_club,"[49, 28, 12, 0, 0, 0, 0, 0, 0, 0, 1, 2, 4, 8, 11, 15, 16, 16, 15, 16, 24, 39, 55, 61]","[52, 33, 15, 0, 0, 0, 0, 0, 0, 0, 2, 5, 10, 14, 17, 16, 12, 8, 4, 6, 19, 38, 48, 50]","[49, 35, 15, 0, 0, 0, 0, 0, 0, 0, 1, 3, 6, 10, 14, 16, 15, 12, 9, 9, 17, 32, 51, 62]","[56, 38, 19, 0, 0, 0, 0, 0, 0, 0, 0, 2, 6, 12, 15, 16, 16, 17, 18, 18, 21, 34, 53, 64]","[55, 33, 14, 0, 0, 0, 0, 0, 0, 0, 0, 4, 11, 21, 27, 27, 24, 18, 12, 9, 15, 31, 53, 68]","[65, 46, 24, 0, 0, 0, 0, 0, 0, 0, 1, 4, 10, 18, 26, 28, 24, 17, 11, 12, 23, 47, 77, 99]","[100, 78, 48, 23, 0, 0, 0, 0, 0, 0, 0, 3, 9, 16, 25, 35, 36, 26, 15, 12, 23, 42, 60, 63]"
Arena Entertaiment,ChIJGWHdnLKu1TER9_FWedco2Vo,0.5058694000000001,101.4350724,night_club,"[55, 30, 15, 5, 5, 5, 0, 5, 5, 5, 5, 5, 5, 5, 10, 10, 10, 10, 10, 15, 25, 40, 55, 55]","[40, 25, 10, 5, 0, 0, 0, 0, 5, 10, 15, 15, 10, 5, 5, 10, 15, 20, 20, 25, 35, 55, 80, 90]","[65, 30, 10, 0, 5, 5, 5, 5, 10, 10, 10, 15, 15, 15, 15, 10, 10, 15, 20, 30, 40, 45, 50, 80]","[85, 30, 5, 0, 0, 0, 0, 0, 0, 0, 5, 5, 5, 10, 10, 15, 15, 15, 20, 30, 45, 65, 80, 75]","[55, 35, 15, 5, 0, 0, 0, 0, 0, 10, 25, 10, 5, 10, 15, 15, 15, 15, 15, 20, 35, 60, 75, 80]","[60, 35, 15, 5, 5, 5, 0, 5, 0, 5, 5, 5, 10, 10, 10, 15, 15, 20, 30, 40, 45, 55, 75, 100]","[90, 55, 20, 10, 0, 0, 0, 0, 5, 5, 10, 15, 15, 15, 15, 15, 15, 15, 25, 40, 60, 75, 85, 75]"
Family Box,ChIJGYaFW5Ku1TERV-hZ8QetPps,0.4994803,101.4661837,night_club,"[0, 0, 0, 0, 0, 0, 0, 0, 0, 1, 1, 2, 9, 17, 25, 31, 32, 31, 32, 43, 64, 80, 74, 0]","[0, 0, 0, 0, 0, 0, 0, 0, 0, 1, 1, 1, 4, 12, 22, 31, 35, 34, 32, 37, 51, 62, 56, 0]","[0, 0, 0, 0, 0, 0, 0, 0, 0, 1, 1, 0, 7, 16, 28, 38, 44, 45, 45, 51, 64, 71, 60, 0]","[0, 0, 0, 0, 0, 0, 0, 0, 0, 1, 1, 2, 12, 26, 41, 50, 48, 42, 40, 50, 64, 70, 59, 0]","[0, 0, 0, 0, 0, 0, 0, 0, 0, 0, 1, 1, 3, 14, 31, 47, 54, 48, 37, 36, 49, 63, 61, 0]","[0, 0, 0, 0, 0, 0, 0, 0, 0, 1, 1, 0, 4, 13, 29, 44, 45, 35, 34, 52, 80, 100, 98, 0]","[0, 0, 0, 0, 0, 0, 0, 0, 0, 1, 1, 0, 7, 16, 29, 43, 55, 62, 63, 65, 76, 86, 68, 0]"
Club Executive CE7,ChIJJfqMZwms1TERFl6DPJfVDp0,0.528563,101.4382904,night_club,"[47, 47, 42, 36, 16, 0, 0, 0, 0, 0, 0, 0, 0, 1, 2, 4, 5, 7, 10, 16, 20, 26, 30, 33]","[38, 41, 38, 27, 19, 0, 0, 0, 0, 0, 0, 0, 0, 1, 2, 4, 5, 7, 10, 13, 17, 26, 36, 47]","[52, 52, 44, 32, 0, 0, 0, 0, 0, 0, 0, 0, 0, 0, 0, 0, 0, 0, 0, 0, 0, 0, 0, 0]","[0, 0, 0, 0, 19, 0, 0, 0, 0, 0, 0, 0, 0, 1, 2, 4, 5, 7, 8, 14, 22, 30, 35, 38]","[41, 50, 52, 39, 36, 0, 0, 0, 0, 0, 0, 0, 0, 1, 2, 2, 2, 2, 5, 11, 25, 45, 70, 88]","[97, 95, 85, 63, 50, 0, 0, 0, 0, 0, 0, 0, 0, 0, 1, 2, 4, 7, 8, 10, 20, 45, 76, 91]","[91, 94, 100, 83, 29, 0, 0, 0, 0, 0, 0, 0, 0, 2, 2, 2, 4, 7, 10, 16, 22, 30, 38, 44]"
MP Club,ChIJSRPzUhKs1TERfY0QakYb8eQ,0.5318499000000001,101.4480708,night_club,"[13, 31, 42, 56, 37, 0, 0, 0, 0, 0, 0, 0, 0, 0, 0, 0, 0, 0, 0, 1, 2, 2, 4, 9]","[19, 33, 40, 41, 35, 0, 0, 0, 0, 0, 0, 0, 0, 0, 0, 0, 0, 0, 0, 1, 3, 5, 8, 11]","[16, 25, 35, 41, 32, 0, 0, 0, 0, 0, 0, 0, 0, 0, 0, 0, 0, 1, 1, 2, 2, 3, 5, 9]","[20, 33, 41, 41, 38, 0, 0, 0, 0, 0, 0, 0, 0, 0, 0, 0, 0, 0, 0, 1, 3, 7, 11, 17]","[30, 53, 70, 63, 59, 0, 0, 0, 0, 0, 0, 0, 0, 0, 0, 0, 1, 1, 2, 3, 4, 5, 7, 13]","[29, 53, 66, 63, 73, 0, 0, 0, 0, 0, 0, 0, 0, 0, 0, 0, 0, 0, 1, 2, 3, 6, 12, 25]","[49, 79, 100, 97, 83, 0, 0, 0, 0, 0, 0, 0, 0, 0, 0, 0, 0, 1, 1, 2, 2, 3, 3, 5]"
CGV Studio Pekanbaru,ChIJYcEdBaiu1TERQJJuhdns2t8,0.5101367,101.4469543,movie_theater,"[0, 0, 0, 0, 0, 0, 0, 0, 0, 0, 16, 22, 28, 32, 35, 35, 33, 29, 26, 30, 36, 28, 0, 0]","[0, 0, 0, 0, 0, 0, 0, 0, 0, 0, 18, 23, 30, 36, 39, 40, 39, 35, 29, 23, 16, 11, 0, 0]","[0, 0, 0, 0, 0, 0, 0, 0, 0, 0, 8, 12, 18, 25, 32, 36, 35, 29, 28, 45, 59, 35, 0, 0]","[0, 0, 0, 0, 0, 0, 0, 0, 0, 0, 16, 22, 26, 30, 35, 36, 36, 33, 33, 40, 45, 33, 0, 0]","[0, 0, 0, 0, 0, 0, 0, 0, 0, 0, 12, 18, 25, 30, 35, 38, 38, 39, 45, 52, 52, 39, 0, 0]","[0, 0, 0, 0, 0, 0, 0, 0, 0, 0, 22, 28, 33, 42, 52, 61, 64, 57, 47, 56, 85, 78, 0, 0]","[0, 0, 0, 0, 0, 0, 0, 0, 0, 0, 26, 40, 57, 74, 88, 98, 100, 94, 81, 66, 47, 32, 0, 0]"
Ciputra Seraya XXI,ChIJVfTatHiCeC4RKlB6jQtU7Lg,0.5360614,101.4301886,movie_theater,"[0, 0, 0, 0, 0, 0, 0, 0, 0, 0, 10, 47, 100, 78, 31, 10, 21, 31, 36, 36, 26, 15, 0, 0]","[0, 0, 0, 0, 0, 0, 0, 0, 0, 0, 21, 42, 57, 52, 36, 21, 15, 15, 31, 42, 42, 21, 0, 0]","[0, 0, 0, 0, 0, 0, 0, 0, 0, 0, 21, 42, 68, 73, 57, 31, 15, 10, 26, 36, 36, 21, 0, 0]","[0, 0, 0, 0, 0, 0, 0, 0, 0, 0, 21, 31, 42, 42, 31, 21, 15, 26, 47, 52, 36, 10, 0, 0]","[0, 0, 0, 0, 0, 0, 0, 0, 0, 0, 26, 63, 94, 78, 42, 15, 5, 5, 5, 21, 94, 78, 0, 0]","[0, 0, 0, 0, 0, 0, 0, 0, 0, 0, 15, 31, 57, 78, 73, 57, 36, 31, 52, 94, 100, 63, 0, 0]","[0, 0, 0, 0, 0, 0, 0, 0, 0, 0, 5, 15, 31, 52, 63, 68, 57, 47, 63, 94, 94, 57, 0, 0]"
Cinemaxx Living World,ChIJEXOan7Gp1TERG4PKT1ntqV4,0.5002414000000001,101.4200645,movie_theater,"[0, 0, 0, 0, 0, 0, 0, 0, 0, 0, 1, 1, 1, 5, 12, 17, 17, 15, 20, 32, 47, 48, 0, 0]","[0, 0, 0, 0, 0, 0, 0, 0, 0, 0, 1, 1, 1, 1, 5, 9, 12, 15, 22, 35, 43, 39, 0, 0]","[0, 0, 0, 0, 0, 0, 0, 0, 0, 0, 1, 1, 1, 4, 10, 15, 18, 20, 24, 34, 53, 65, 0, 0]","[0, 0, 0, 0, 0, 0, 0, 0, 0, 0, 1, 1, 1, 1, 10, 20, 25, 28, 35, 53, 72, 73, 0, 0]","[0, 0, 0, 0, 0, 0, 0, 0, 0, 0, 1, 1, 1, 1, 8, 17, 24, 30, 40, 54, 71, 78, 0, 0]","[0, 0, 0, 0, 0, 0, 0, 0, 0, 0, 1, 1, 2, 14, 29, 42, 52, 55, 56, 65, 85, 100, 0, 0]","[0, 0, 0, 0, 0, 0, 0, 0, 0, 0, 1, 1, 11, 25, 37, 45, 47, 51, 62, 80, 91, 82, 0, 0]"
Metro Plaza,ChIJt7c8oJOu1TERJ1eGqIm9wU8,0.4997860999999999,101.4637818,shopping_mall,"[0, 0, 0, 0, 0, 0, 0, 0, 0, 18, 34, 39, 32, 31, 40, 42, 34, 32, 46, 61, 55, 33, 0, 0]","[0, 0, 0, 0, 0, 0, 0, 0, 0, 27, 36, 37, 33, 31, 36, 42, 46, 45, 52, 67, 65, 37, 0, 0]","[0, 0, 0, 0, 0, 0, 0, 0, 0, 20, 37, 45, 41, 39, 44, 51, 53, 47, 41, 54, 76, 48, 0, 0]","[0, 0, 0, 0, 0, 0, 0, 0, 0, 37, 69, 62, 43, 46, 55, 52, 39, 32, 44, 65, 69, 45, 0, 0]","[0, 0, 0, 0, 0, 0, 0, 0, 0, 18, 27, 36, 44, 51, 55, 55, 51, 44, 42, 70, 100, 55, 0, 0]","[0, 0, 0, 0, 0, 0, 0, 0, 0, 46, 73, 72, 56, 59, 80, 84, 64, 52, 70, 94, 83, 44, 0, 0]","[0, 0, 0, 0, 0, 0, 0, 0, 0, 18, 28, 37, 44, 52, 65, 80, 85, 73, 67, 89, 92, 48, 0, 0]"
Kedaung Table Top Plaza,ChIJyciJeTmp1TERkUcA-ZYa_-E,0.4924359,101.419789,shopping_mall,"[0, 0, 0, 0, 0, 0, 0, 0, 57, 92, 94, 75, 70, 79, 83, 70, 48, 25, 0, 0, 0, 0, 0, 0]","[0, 0, 0, 0, 0, 0, 0, 0, 44, 61, 64, 62, 68, 77, 79, 64, 42, 22, 0, 0, 0, 0, 0, 0]","[0, 0, 0, 0, 0, 0, 0, 0, 20, 50, 79, 88, 77, 75, 90, 94, 68, 31, 0, 0, 0, 0, 0, 0]","[0, 0, 0, 0, 0, 0, 0, 0, 31, 55, 81, 90, 81, 64, 77, 100, 61, 14, 0, 0, 0, 0, 0, 0]","[0, 0, 0, 0, 0, 0, 0, 0, 50, 72, 77, 79, 83, 88, 87, 79, 66, 51, 0, 0, 0, 0, 0, 0]","[0, 0, 0, 0, 0, 0, 0, 0, 62, 85, 72, 75, 85, 88, 83, 70, 53, 37, 0, 0, 0, 0, 0, 0]","[0, 0, 0, 0, 0, 0, 0, 0, 18, 33, 51, 68, 81, 83, 74, 59, 40, 24, 0, 0, 0, 0, 0, 0]"
Swalayan 999 harapan raya,ChIJZS0kMb6u1TERFlbNO2g-Gxs,0.4928907,101.4521209,supermarket,"[0, 0, 0, 0, 0, 0, 0, 0, 16, 27, 33, 33, 27, 22, 16, 16, 16, 16, 16, 16, 50, 22, 0, 0]","[0, 0, 0, 0, 0, 0, 0, 0, 22, 27, 33, 33, 33, 33, 33, 27, 27, 27, 33, 38, 38, 27, 0, 0]","[0, 0, 0, 0, 0, 0, 0, 0, 11, 27, 33, 27, 16, 16, 27, 22, 11, 22, 44, 61, 61, 38, 0, 0]","[0, 0, 0, 0, 0, 0, 0, 0, 11, 16, 22, 27, 27, 22, 16, 11, 11, 27, 50, 61, 61, 38, 0, 0]","[0, 0, 0, 0, 0, 0, 0, 0, 27, 16, 11, 16, 22, 22, 22, 16, 16, 33, 61, 77, 72, 44, 0, 0]","[0, 0, 0, 0, 0, 0, 0, 0, 22, 38, 50, 50, 38, 33, 27, 33, 27, 22, 11, 22, 61, 44, 0, 0]","[0, 0, 0, 0, 0, 0, 0, 0, 33, 44, 61, 72, 77, 72, 61, 50, 33, 33, 61, 100, 88, 38, 0, 0]"
Colour's Mart,ChIJaaapX1uo1TERxXkY6fF0p3Q,0.4647808,101.3782361,supermarket,"[0, 0, 0, 0, 0, 0, 0, 0, 1, 8, 18, 22, 22, 23, 30, 41, 47, 45, 50, 72, 86, 61, 0, 0]","[0, 0, 0, 0, 0, 0, 0, 0, 1, 10, 26, 36, 35, 30, 31, 36, 41, 41, 38, 53, 88, 62, 0, 0]","[0, 0, 0, 0, 0, 0, 0, 0, 1, 5, 13, 21, 26, 29, 31, 35, 39, 41, 48, 70, 84, 57, 0, 0]","[0, 0, 0, 0, 0, 0, 0, 0, 2, 9, 15, 19, 20, 20, 23, 30, 38, 43, 53, 74, 82, 55, 0, 0]","[0, 0, 0, 0, 0, 0, 0, 0, 5, 21, 31, 28, 19, 17, 25, 36, 43, 43, 44, 62, 80, 59, 0, 0]","[0, 0, 0, 0, 0, 0, 0, 0, 0, 14, 33, 46, 47, 43, 42, 45, 44, 36, 29, 55, 100, 62, 0, 0]","[0, 0, 0, 0, 0, 0, 0, 0, 4, 14, 22, 23, 21, 28, 41, 50, 50, 53, 63, 67, 0, 0, 0, 0]"
Indomaret Sudirman 422,ChIJqy2zmaSu1TERg3atYLQeud0,0.5073584,101.4503607,supermarket,"[10, 10, 10, 10, 0, 0, 0, 10, 10, 10, 20, 20, 20, 20, 20, 20, 30, 50, 70, 90, 100, 90, 70, 40]","[10, 10, 10, 0, 0, 10, 10, 10, 10, 10, 10, 20, 20, 30, 40, 40, 40, 40, 40, 40, 50, 60, 60, 30]","[10, 0, 0, 10, 10, 10, 10, 10, 20, 30, 40, 50, 50, 50, 40, 30, 20, 20, 40, 70, 90, 80, 70, 40]","[10, 10, 10, 0, 0, 0, 10, 30, 20, 10, 10, 30, 40, 40, 40, 30, 30, 40, 50, 60, 70, 60, 50, 30]","[10, 10, 0, 10, 0, 10, 10, 10, 10, 10, 10, 10, 10, 40, 70, 80, 80, 60, 50, 50, 70, 100, 100, 80]","[60, 30, 10, 10, 0, 0, 10, 10, 10, 10, 10, 10, 10, 30, 40, 40, 40, 30, 40, 50, 70, 80, 80, 70]","[40, 20, 10, 0, 10, 10, 10, 10, 10, 10, 10, 10, 10, 30, 40, 50, 60, 50, 40, 40, 40, 40, 40, 30]"
Alfamart Kini Balu,ChIJ_41NHD2s1TERMT083HBqGqw,0.5261210999999999,101.4592768,supermarket,"[0, 0, 0, 0, 0, 0, 0, 12, 21, 34, 48, 63, 75, 80, 78, 70, 63, 58, 58, 58, 56, 48, 36, 0]","[0, 0, 0, 0, 0, 0, 0, 17, 31, 48, 60, 65, 60, 58, 58, 60, 58, 60, 78, 95, 90, 58, 26, 0]","[0, 0, 0, 0, 0, 0, 0, 19, 29, 41, 56, 68, 73, 75, 68, 60, 53, 53, 63, 70, 63, 46, 24, 0]","[0, 0, 0, 0, 0, 0, 0, 17, 26, 36, 41, 46, 53, 65, 73, 70, 63, 65, 75, 85, 80, 58, 34, 0]","[0, 0, 0, 0, 0, 0, 0, 12, 19, 29, 39, 48, 56, 60, 63, 65, 73, 80, 85, 82, 70, 48, 29, 0]","[0, 0, 0, 0, 0, 0, 0, 14, 29, 41, 51, 56, 53, 46, 46, 51, 58, 65, 65, 58, 43, 29, 17, 0]","[0, 0, 0, 0, 0, 0, 0, 12, 24, 43, 60, 73, 70, 63, 58, 60, 65, 60, 58, 82, 100, 58, 14, 0]"
Indomaret,ChIJGb3o5ROs1TERvVixLMtEYLo,0.5297386000000001,101.4499334,supermarket,"[6, 6, 6, 6, 6, 6, 6, 6, 6, 6, 6, 6, 13, 20, 33, 40, 46, 46, 46, 40, 33, 26, 20, 6]","[6, 6, 6, 6, 0, 6, 6, 6, 6, 6, 6, 6, 6, 6, 20, 33, 40, 40, 33, 26, 40, 53, 53, 40]","[13, 6, 6, 6, 6, 6, 6, 6, 6, 6, 6, 6, 13, 13, 6, 6, 6, 13, 26, 40, 46, 46, 40, 26]","[6, 6, 6, 6, 6, 6, 6, 6, 6, 6, 6, 6, 6, 13, 13, 13, 13, 13, 13, 13, 33, 46, 60, 53]","[26, 6, 6, 6, 6, 6, 6, 6, 6, 6, 6, 6, 6, 6, 26, 46, 53, 53, 40, 40, 53, 80, 100, 86]","[53, 13, 6, 6, 6, 6, 6, 6, 6, 6, 6, 6, 6, 13, 26, 40, 53, 60, 60, 60, 60, 73, 86, 80]","[53, 13, 6, 6, 6, 6, 6, 6, 6, 6, 6, 13, 26, 40, 53, 60, 53, 40, 26, 6, 6, 33, 40, 6]"
Lotte Wholesale Pekanbaru,ChIJ-_2DtVqp1TER0T9vmjaboOc,0.5062468999999999,101.420908,supermarket,"[0, 0, 0, 0, 0, 0, 0, 8, 23, 44, 64, 72, 68, 65, 72, 79, 71, 55, 52, 58, 51, 29, 0, 0]","[0, 0, 0, 0, 0, 0, 0, 14, 30, 48, 64, 72, 73, 72, 72, 68, 58, 47, 44, 45, 38, 22, 0, 0]","[0, 0, 0, 0, 0, 0, 0, 11, 19, 30, 42, 54, 64, 70, 72, 68, 59, 49, 47, 56, 54, 27, 0, 0]","[0, 0, 0, 0, 0, 0, 0, 10, 26, 47, 62, 66, 65, 72, 83, 84, 69, 55, 52, 54, 49, 35, 0, 0]","[0, 0, 0, 0, 0, 0, 0, 19, 35, 51, 62, 67, 66, 66, 71, 78, 74, 57, 38, 46, 69, 47, 0, 0]","[0, 0, 0, 0, 0, 0, 0, 13, 27, 44, 60, 71, 80, 90, 100, 99, 85, 68, 64, 71, 69, 48, 0, 0]","[0, 0, 0, 0, 0, 0, 0, 6, 17, 34, 53, 69, 78, 82, 86, 92, 92, 82, 72, 73, 66, 39, 0, 0]"
Pasar Buah Pekanbaru,ChIJz5WQkb6u1TEROcnCcmB6jdA,0.5346524,101.4474015,supermarket,"[0, 0, 0, 0, 0, 0, 0, 4, 11, 20, 29, 33, 32, 31, 33, 40, 45, 45, 42, 60, 80, 45, 0, 0]","[0, 0, 0, 0, 0, 0, 0, 3, 8, 17, 26, 33, 33, 30, 31, 40, 54, 60, 56, 62, 76, 44, 0, 0]","[0, 0, 0, 0, 0, 0, 0, 2, 7, 17, 29, 38, 40, 35, 34, 42, 54, 57, 49, 63, 86, 39, 0, 0]","[0, 0, 0, 0, 0, 0, 0, 3, 7, 14, 21, 27, 29, 29, 31, 39, 48, 49, 45, 56, 70, 43, 0, 0]","[0, 0, 0, 0, 0, 0, 0, 3, 8, 17, 27, 32, 32, 29, 33, 43, 52, 52, 45, 56, 76, 44, 0, 0]","[0, 0, 0, 0, 0, 0, 0, 3, 10, 20, 33, 43, 45, 43, 46, 56, 65, 65, 57, 67, 100, 66, 0, 0]","[0, 0, 0, 0, 0, 0, 0, 5, 15, 31, 48, 58, 58, 54, 58, 68, 74, 71, 71, 86, 84, 46, 0, 0]"
Alfamart Tuanku Tambusai 2,ChIJyfFlekap1TERfuT5iQindNg,0.5010777000000001,101.4203673,supermarket,"[55, 25, 20, 22, 10, 10, 10, 7, 7, 7, 7, 7, 7, 7, 7, 7, 7, 7, 10, 17, 30, 42, 55, 55]","[47, 32, 20, 12, 15, 10, 7, 7, 5, 7, 7, 7, 7, 10, 10, 10, 12, 12, 17, 22, 27, 35, 40, 42]","[42, 37, 30, 22, 12, 12, 12, 12, 12, 12, 12, 12, 12, 12, 12, 12, 12, 12, 12, 17, 27, 42, 55, 55]","[42, 27, 17, 12, 10, 10, 12, 15, 10, 5, 2, 2, 5, 7, 10, 12, 15, 17, 20, 25, 37, 50, 52, 42]","[30, 20, 15, 12, 7, 7, 5, 5, 5, 5, 5, 5, 5, 5, 5, 5, 5, 7, 10, 17, 32, 52, 72, 77]","[67, 45, 27, 15, 15, 12, 12, 12, 12, 12, 0, 12, 12, 12, 12, 12, 12, 12, 15, 22, 40, 65, 92, 100]","[87, 60, 35, 20, 25, 22, 20, 17, 12, 10, 7, 5, 7, 10, 12, 17, 22, 25, 27, 25, 27, 52, 95, 97]"
Transmart Carrefour Pekanbaru,ChIJyWEmYOOr1TERCg6J8CqOomA,0.5031186000000001,101.4200232,supermarket,"[0, 0, 0, 0, 0, 0, 0, 0, 0, 4, 8, 13, 18, 24, 29, 32, 33, 34, 38, 48, 52, 42, 0, 0]","[0, 0, 0, 0, 0, 0, 0, 0, 0, 4, 8, 13, 18, 24, 28, 31, 32, 31, 34, 43, 49, 39, 0, 0]","[0, 0, 0, 0, 0, 0, 0, 0, 0, 5, 10, 17, 24, 30, 33, 33, 32, 35, 43, 54, 58, 48, 0, 0]","[0, 0, 0, 0, 0, 0, 0, 0, 0, 8, 15, 21, 25, 27, 30, 33, 34, 35, 42, 54, 61, 50, 0, 0]","[0, 0, 0, 0, 0, 0, 0, 0, 0, 4, 7, 11, 17, 22, 28, 32, 34, 35, 40, 53, 62, 51, 0, 0]","[0, 0, 0, 0, 0, 0, 0, 0, 0, 9, 16, 25, 35, 46, 55, 60, 62, 60, 63, 80, 100, 87, 0, 0]","[0, 0, 0, 0, 0, 0, 0, 0, 0, 10, 21, 36, 49, 61, 72, 78, 76, 70, 68, 65, 55, 37, 0, 0]"
Swalayan 999 harapan raya,ChIJZS0kMb6u1TERFlbNO2g-Gxs,0.4928907,101.4521209,store,"[0, 0, 0, 0, 0, 0, 0, 0, 16, 27, 33, 33, 27, 22, 16, 16, 16, 16, 16, 16, 50, 22, 0, 0]","[0, 0, 0, 0, 0, 0, 0, 0, 22, 27, 33, 33, 33, 33, 33, 27, 27, 27, 33, 38, 38, 27, 0, 0]","[0, 0, 0, 0, 0, 0, 0, 0, 11, 27, 33, 27, 16, 16, 27, 22, 11, 22, 44, 61, 61, 38, 0, 0]","[0, 0, 0, 0, 0, 0, 0, 0, 11, 16, 22, 27, 27, 22, 16, 11, 11, 27, 50, 61, 61, 38, 0, 0]","[0, 0, 0, 0, 0, 0, 0, 0, 27, 16, 11, 16, 22, 22, 22, 16, 16, 33, 61, 77, 72, 44, 0, 0]","[0, 0, 0, 0, 0, 0, 0, 0, 22, 38, 50, 50, 38, 33, 27, 33, 27, 22, 11, 22, 61, 44, 0, 0]","[0, 0, 0, 0, 0, 0, 0, 0, 33, 44, 61, 72, 77, 72, 61, 50, 33, 33, 61, 100, 88, 38, 0, 0]"
Naga Swalayan,ChIJjQiDPMyu1TER-VkVgSVp_k8,0.4907185999999999,101.4388513,store,"[0, 0, 0, 0, 0, 0, 0, 0, 26, 55, 86, 100, 86, 60, 47, 52, 57, 47, 26, 13, 52, 60, 0, 0]","[0, 0, 0, 0, 0, 0, 0, 0, 13, 39, 73, 92, 78, 60, 65, 78, 65, 34, 15, 23, 44, 47, 0, 0]","[0, 0, 0, 0, 0, 0, 0, 0, 23, 42, 63, 78, 86, 84, 68, 50, 36, 34, 36, 42, 42, 34, 0, 0]","[0, 0, 0, 0, 0, 0, 0, 0, 26, 44, 63, 76, 81, 73, 63, 57, 57, 50, 34, 39, 57, 50, 0, 0]","[0, 0, 0, 0, 0, 0, 0, 0, 50, 71, 65, 50, 44, 55, 71, 76, 68, 52, 36, 42, 55, 31, 0, 0]","[0, 0, 0, 0, 0, 0, 0, 0, 7, 15, 26, 36, 44, 52, 55, 52, 44, 34, 31, 44, 65, 47, 0, 0]","[0, 0, 0, 0, 0, 0, 0, 0, 13, 31, 50, 50, 39, 28, 31, 36, 39, 47, 71, 89, 78, 42, 0, 0]"
Toserba Mama,ChIJRfl9KRKs1TERZ24eaPgtW3M,0.5292235,101.4477167,store,"[0, 0, 0, 0, 0, 0, 0, 0, 37, 44, 27, 37, 51, 62, 65, 68, 62, 55, 44, 48, 58, 37, 0, 0]","[0, 0, 0, 0, 0, 0, 0, 0, 24, 44, 51, 44, 31, 24, 31, 37, 37, 31, 24, 44, 68, 48, 0, 0]","[0, 0, 0, 0, 0, 0, 0, 0, 10, 17, 27, 34, 37, 37, 37, 37, 34, 31, 27, 31, 31, 27, 0, 0]","[0, 0, 0, 0, 0, 0, 0, 0, 3, 6, 17, 27, 37, 44, 44, 37, 34, 34, 37, 44, 48, 41, 0, 0]","[0, 0, 0, 0, 0, 0, 0, 0, 24, 44, 48, 34, 17, 20, 41, 58, 55, 37, 31, 34, 41, 41, 0, 0]","[0, 0, 0, 0, 0, 0, 0, 0, 13, 17, 24, 27, 34, 37, 41, 41, 41, 37, 34, 41, 100, 75, 0, 0]","[0, 0, 0, 0, 0, 0, 0, 0, 13, 20, 20, 17, 13, 17, 27, 34, 44, 48, 51, 51, 44, 34, 0, 0]"
TOSERBA FHAJAR ( SWALAYAN ECERAN & GROSIR ),ChIJPTvsv42u1TERlh28FYGHenU,0.500128,101.469479,store,"[0, 0, 0, 0, 0, 0, 0, 0, 0, 0, 0, 0, 0, 0, 0, 0, 0, 0, 0, 0, 0, 0, 0, 0]","[0, 0, 0, 0, 0, 0, 0, 0, 0, 0, 0, 0, 0, 0, 0, 0, 0, 0, 0, 0, 0, 0, 0, 0]","[0, 0, 0, 0, 0, 0, 0, 0, 16, 50, 41, 16, 8, 16, 25, 41, 50, 50, 41, 41, 41, 50, 33, 0]","[0, 0, 0, 0, 0, 0, 0, 0, 0, 25, 83, 100, 41, 8, 16, 25, 33, 33, 33, 50, 66, 33, 8, 0]","[0, 0, 0, 0, 0, 0, 0, 0, 16, 25, 25, 25, 16, 16, 25, 41, 50, 58, 66, 58, 50, 41, 25, 0]","[0, 0, 0, 0, 0, 0, 0, 0, 16, 41, 50, 41, 25, 25, 33, 25, 25, 16, 25, 33, 50, 50, 33, 0]","[0, 0, 0, 0, 0, 0, 0, 0, 25, 50, 66, 66, 58, 33, 25, 25, 25, 25, 25, 25, 50, 75, 41, 0]"
Colour's Mart,ChIJaaapX1uo1TERxXkY6fF0p3Q,0.4647808,101.3782361,store,"[0, 0, 0, 0, 0, 0, 0, 0, 1, 8, 18, 22, 22, 23, 30, 41, 47, 45, 50, 72, 86, 61, 0, 0]","[0, 0, 0, 0, 0, 0, 0, 0, 1, 10, 26, 36, 35, 30, 31, 36, 41, 41, 38, 53, 88, 62, 0, 0]","[0, 0, 0, 0, 0, 0, 0, 0, 1, 5, 13, 21, 26, 29, 31, 35, 39, 41, 48, 70, 84, 57, 0, 0]","[0, 0, 0, 0, 0, 0, 0, 0, 2, 9, 15, 19, 20, 20, 23, 30, 38, 43, 53, 74, 82, 55, 0, 0]","[0, 0, 0, 0, 0, 0, 0, 0, 5, 21, 31, 28, 19, 17, 25, 36, 43, 43, 44, 62, 80, 59, 0, 0]","[0, 0, 0, 0, 0, 0, 0, 0, 0, 14, 33, 46, 47, 43, 42, 45, 44, 36, 29, 55, 100, 62, 0, 0]","[0, 0, 0, 0, 0, 0, 0, 0, 4, 14, 22, 23, 21, 28, 41, 50, 50, 53, 63, 67, 0, 0, 0, 0]"
V-Communication,ChIJe99uAhOs1TERbsf38JkAKCs,0.5326945,101.4481772,store,"[0, 0, 0, 0, 0, 0, 0, 0, 0, 0, 59, 64, 69, 80, 87, 86, 82, 80, 77, 66, 50, 31, 0, 0]","[0, 0, 0, 0, 0, 0, 0, 0, 0, 0, 58, 66, 67, 70, 80, 90, 87, 70, 52, 47, 52, 46, 0, 0]","[0, 0, 0, 0, 0, 0, 0, 0, 0, 0, 65, 64, 58, 61, 74, 85, 85, 74, 60, 52, 46, 39, 0, 0]","[0, 0, 0, 0, 0, 0, 0, 0, 0, 0, 50, 57, 60, 63, 69, 72, 69, 62, 58, 57, 55, 46, 0, 0]","[0, 0, 0, 0, 0, 0, 0, 0, 0, 0, 66, 76, 75, 74, 84, 96, 100, 86, 65, 50, 45, 37, 0, 0]","[0, 0, 0, 0, 0, 0, 0, 0, 0, 0, 50, 62, 73, 78, 78, 72, 61, 49, 43, 49, 58, 49, 0, 0]","[0, 0, 0, 0, 0, 0, 0, 0, 0, 0, 25, 29, 34, 41, 46, 49, 47, 44, 41, 41, 37, 28, 0, 0]"
3Store Pekanbaru,ChIJR2fFxcKu1TERCa9y0vH1KJw,0.5355850999999998,101.4301636,store,"[0, 0, 0, 0, 0, 0, 0, 0, 0, 0, 10, 47, 100, 78, 31, 10, 21, 31, 36, 36, 26, 15, 0, 0]","[0, 0, 0, 0, 0, 0, 0, 0, 0, 0, 21, 42, 57, 52, 36, 21, 15, 15, 31, 42, 42, 21, 0, 0]","[0, 0, 0, 0, 0, 0, 0, 0, 0, 0, 21, 42, 68, 73, 57, 31, 15, 10, 26, 36, 36, 21, 0, 0]","[0, 0, 0, 0, 0, 0, 0, 0, 0, 0, 21, 31, 42, 42, 31, 21, 15, 26, 47, 52, 36, 10, 0, 0]","[0, 0, 0, 0, 0, 0, 0, 0, 0, 0, 26, 63, 94, 78, 42, 15, 5, 5, 5, 21, 94, 78, 0, 0]","[0, 0, 0, 0, 0, 0, 0, 0, 0, 0, 15, 31, 57, 78, 73, 57, 36, 31, 52, 94, 100, 63, 0, 0]","[0, 0, 0, 0, 0, 0, 0, 0, 0, 0, 5, 15, 31, 52, 63, 68, 57, 47, 63, 94, 94, 57, 0, 0]"
Indonesian Bakery,ChIJHerhDAqs1TERUrN1gOhowUg,0.5303456999999999,101.4342577,store,"[0, 0, 0, 0, 0, 0, 0, 0, 0, 25, 41, 50, 50, 66, 75, 75, 66, 50, 33, 16, 8, 0, 0, 0]","[0, 0, 0, 0, 0, 0, 0, 0, 0, 25, 41, 50, 41, 33, 25, 33, 41, 41, 41, 33, 16, 0, 0, 0]","[0, 0, 0, 0, 0, 0, 0, 0, 0, 41, 50, 50, 58, 58, 58, 58, 58, 50, 41, 33, 16, 0, 0, 0]","[0, 0, 0, 0, 0, 0, 0, 0, 0, 50, 50, 41, 50, 50, 33, 25, 33, 50, 50, 25, 8, 0, 0, 0]","[0, 0, 0, 0, 0, 0, 0, 0, 0, 33, 41, 33, 33, 41, 50, 41, 33, 25, 16, 33, 33, 0, 0, 0]","[0, 0, 0, 0, 0, 0, 0, 0, 0, 58, 100, 58, 33, 50, 58, 66, 50, 33, 25, 16, 75, 0, 0, 0]","[0, 0, 0, 0, 0, 0, 0, 0, 0, 41, 50, 50, 58, 75, 75, 58, 58, 58, 50, 25, 8, 0, 0, 0]"
